datetime,num_train_running,num_train_operational,num_dalian_train_running,num_dalian_train_operational,headway,entry,exit,temp,humidity,rain_1h,rain_3h,weather_main,hour_of_day,day_of_week
2018-07-01 19:00:00,12.0,13.0,0.0,0.0,8.5,2505.0,1496.0,26.41,87,0.0,0.0,Haze,19,6
2018-07-02 05:00:00,8.0,8.0,0.0,0.0,8.0,254.0,582.0,31.29,60,0.0,0.0,Haze,5,0
2018-07-03 05:00:00,7.0,7.0,0.0,0.0,8.0,330.0,706.0,30.09,66,0.0,0.0,Haze,5,1
2018-07-02 18:00:00,15.0,15.0,0.0,0.0,7.0,1994.0,1574.0,27.23,84,0.0,0.0,Haze,18,0
2018-07-04 05:00:00,9.0,9.0,0.0,0.0,8.0,310.0,575.0,31.24,60,0.0,0.0,Haze,5,2
2018-07-03 20:00:00,14.0,14.0,0.0,0.0,7.5,3400.0,1422.0,26.11,87,0.0,0.0,Haze,20,1
2018-07-05 06:00:00,14.0,14.0,0.0,0.0,7.5,604.0,1670.0,31.0,59,0.0,0.0,Haze,6,3
2018-07-05 05:00:00,8.0,8.0,0.0,0.0,8.0,200.0,254.0,30.99,59,0.0,0.0,Haze,5,3
2018-07-06 07:00:00,15.0,15.0,0.0,0.0,7.0,822.0,1167.0,29.65,62,0.0,0.0,Haze,7,4
2018-07-06 05:00:00,8.0,8.0,0.0,0.0,8.0,227.0,227.0,30.69,62,0.0,0.0,Haze,5,4
2018-07-06 21:00:00,15.0,16.0,0.0,0.0,7.0,1159.0,414.0,26.69,89,0.0,0.0,Haze,21,4
2018-07-07 06:00:00,12.0,13.0,0.0,0.0,8.5,226.0,415.0,29.14,67,0.0,0.0,Clouds,6,5
2018-07-07 17:00:00,12.0,14.0,0.0,0.0,8.5,900.0,716.0,26.53,91,0.63,0.0,Rain,17,5
2018-07-08 17:00:00,12.0,14.0,0.0,0.0,8.5,2644.0,1638.0,26.18,94,0.0,0.0,Haze,17,6
2018-07-09 05:00:00,8.0,8.0,0.0,0.0,8.0,292.0,600.0,29.15,66,0.0,0.0,Haze,5,0
2018-07-09 20:00:00,15.0,16.0,0.0,0.0,7.0,2534.0,1282.0,25.17,87,0.0,13.0,Rain,20,0
2018-07-10 13:00:00,15.0,16.0,0.0,0.0,7.0,1056.0,2093.0,27.42,81,0.0,0.0,Haze,13,1
2018-07-11 05:00:00,7.0,7.0,0.0,0.0,8.0,310.0,422.0,28.77,76,1.35,0.0,Rain,5,2
2018-07-11 20:00:00,15.0,15.0,0.0,0.0,7.0,2551.0,1451.0,25.97,93,0.0,0.0,Haze,20,2
2018-07-12 05:00:00,9.0,9.0,0.0,0.0,8.0,279.0,602.0,27.9,75,0.0,0.0,Clouds,5,3
2018-07-12 11:00:00,15.0,16.0,0.0,0.0,7.0,869.0,2046.0,26.77,77,0.0,0.0,Haze,11,3
2018-07-13 05:00:00,8.0,8.0,0.0,0.0,8.0,220.0,215.0,28.43,78,0.58,0.0,Rain,5,4
2018-07-13 19:00:00,15.0,16.0,0.0,0.0,7.0,1623.0,977.0,25.79,89,0.0,0.0,Haze,19,4
2018-07-14 16:00:00,12.0,15.0,0.0,0.0,8.5,1042.0,949.0,26.68,89,0.0,3.0,Rain,16,5
2018-07-16 06:00:00,15.0,15.0,0.0,0.0,7.0,827.0,1584.0,28.45,84,1.61,0.0,Rain,6,0
2018-07-16 05:00:00,9.0,9.0,0.0,0.0,8.0,277.0,579.0,28.39,84,1.22,0.0,Rain,5,0
2018-07-16 20:00:00,15.0,16.0,0.0,0.0,7.0,2476.0,1195.0,25.42,92,0.0,17.5,Rain,20,0
2018-07-17 05:00:00,8.0,8.0,0.0,0.0,8.0,303.0,565.0,26.09,95,0.0,0.0,Clouds,5,1
2018-07-17 18:00:00,15.0,16.0,0.0,0.0,8.0,2611.0,1596.0,25.21,95,0.89,0.0,Rain,18,1
2018-07-18 05:00:00,8.0,8.0,0.0,0.0,8.0,75.0,0.0,29.26,78,0.0,0.0,Haze,5,2
2018-07-18 08:00:00,15.0,15.0,0.0,0.0,7.0,867.0,2727.0,28.53,80,0.0,0.8,Rain,8,2
2018-07-19 05:00:00,9.0,9.0,0.0,0.0,8.0,240.0,638.0,29.32,79,0.0,0.0,Haze,5,3
2018-07-20 06:00:00,15.0,15.0,0.0,0.0,7.0,621.0,922.0,28.74,86,0.0,0.0,Haze,6,4
2018-07-20 05:00:00,8.0,8.0,0.0,0.0,8.0,230.0,156.0,29.0,86,0.0,0.0,Haze,5,4
2018-07-20 08:00:00,15.0,15.0,0.0,0.0,7.0,693.0,1557.0,26.55,93,0.0,23.5,Rain,8,4
2018-07-21 17:00:00,12.0,13.0,0.0,0.0,8.5,937.0,835.0,26.66,90,0.88,0.0,Thunderstorm,17,5
2018-07-22 05:00:00,8.0,8.0,0.0,0.0,9.0,108.0,811.0,26.21,100,0.21,0.0,Thunderstorm,5,6
2018-07-23 05:00:00,8.0,8.0,0.0,0.0,8.0,278.0,686.0,27.28,85,0.0,0.0,Haze,5,0
2018-07-23 06:00:00,15.0,15.0,0.0,0.0,7.0,849.0,1467.0,27.64,85,0.0,0.0,Haze,6,0
2018-07-23 17:00:00,15.0,16.0,0.0,0.0,7.0,2735.0,1408.0,25.8,97,0.0,0.0,Haze,17,0
2018-07-24 06:00:00,15.0,15.0,0.0,0.0,7.0,835.0,1729.0,28.19,71,0.0,0.0,Haze,6,1
2018-07-24 20:00:00,15.0,16.0,0.0,0.0,7.0,3063.0,1395.0,25.23,95,0.0,0.0,Haze,20,1
2018-07-25 05:00:00,9.0,9.0,0.0,0.0,7.0,291.0,543.0,29.18,74,0.0,0.0,Haze,5,2
2018-07-25 19:00:00,15.0,16.0,0.0,0.0,7.0,2823.0,1617.0,25.93,88,0.0,0.0,Haze,19,2
2018-07-26 06:00:00,15.0,15.0,0.0,0.0,7.0,814.0,1690.0,27.83,74,8.9,0.0,Rain,6,3
2018-07-26 18:00:00,15.0,15.0,0.0,0.0,7.0,1278.0,1137.0,25.72,85,0.0,0.0,Haze,18,3
2018-07-27 05:00:00,7.0,9.0,0.0,0.0,7.5,198.0,238.0,27.65,79,0.13,0.0,Rain,5,4
2018-07-28 07:00:00,12.0,12.0,0.0,0.0,8.5,281.0,481.0,28.9,79,0.45,0.0,Thunderstorm,7,5
2018-07-29 05:00:00,6.0,6.0,0.0,0.0,9.0,89.0,654.0,30.08,66,0.0,0.0,Haze,5,6
2018-07-29 07:00:00,12.0,13.0,0.0,0.0,8.5,576.0,2486.0,30.16,66,0.0,0.0,Haze,7,6
2018-07-30 05:00:00,10.0,11.0,0.0,0.0,7.0,257.0,570.0,30.22,69,0.0,0.0,Haze,5,0
2018-07-29 18:00:00,12.0,13.0,0.0,0.0,8.5,1573.0,1677.0,26.94,88,0.0,0.0,Haze,18,6
2018-07-30 13:00:00,15.0,15.0,0.0,0.0,7.0,1093.0,1723.0,28.25,84,0.0,0.0,Haze,13,0
2018-07-31 05:00:00,9.0,10.0,0.0,0.0,7.0,275.0,521.0,29.88,69,0.0,0.0,Haze,5,1
2018-07-31 19:00:00,15.0,15.0,0.0,0.0,7.0,2354.0,1692.0,26.9,90,0.0,0.0,Clouds,19,1
2018-08-01 07:00:00,15.0,16.0,0.0,0.0,7.0,1070.0,2318.0,30.4,70,0.0,0.0,Haze,7,2
2018-08-01 05:00:00,15.0,15.0,0.0,0.0,7.0,257.0,538.0,30.63,70,0.0,0.0,Haze,5,2
2018-08-01 14:00:00,15.0,16.0,0.0,0.0,7.0,1373.0,1818.0,27.82,82,0.0,0.0,Haze,14,2
2018-08-02 06:00:00,14.0,15.0,0.0,0.0,7.0,785.0,1657.0,29.3,77,0.0,0.0,Haze,6,3
2018-08-02 13:00:00,15.0,16.0,0.0,0.0,7.0,1190.0,1793.0,27.58,82,0.0,0.0,Haze,13,3
2018-08-03 09:00:00,15.0,15.0,0.0,0.0,7.0,603.0,1247.0,28.62,72,0.0,0.0,Haze,9,4
2018-08-06 06:00:00,14.0,14.0,0.0,0.0,7.5,790.0,1478.0,29.67,67,0.0,0.0,Haze,6,0
2018-08-06 05:00:00,9.0,9.0,0.0,0.0,7.0,275.0,576.0,29.79,67,0.0,0.0,Haze,5,0
2018-08-07 06:00:00,15.0,15.0,0.0,0.0,7.0,794.0,1797.0,29.92,81,0.0,0.0,Haze,6,1
2018-08-06 13:00:00,15.0,15.0,0.0,0.0,7.0,1072.0,2089.0,27.15,81,0.0,0.0,Haze,13,0
2018-08-07 12:00:00,15.0,16.0,0.0,0.0,7.0,951.0,2070.0,26.84,85,0.17,0.0,Rain,12,1
2018-08-08 06:00:00,14.0,14.0,0.0,0.0,7.5,820.0,1881.0,30.83,65,0.0,0.0,Haze,6,2
2018-08-08 05:00:00,8.0,9.0,0.0,0.0,7.0,286.0,332.0,30.53,65,0.0,0.0,Haze,5,2
2018-08-08 20:00:00,15.0,15.0,0.0,0.0,7.0,2493.0,1458.0,26.66,86,0.0,0.0,Haze,20,2
2018-08-09 06:00:00,15.0,15.0,0.0,0.0,7.0,828.0,1220.0,28.2,79,0.0,0.0,Clouds,6,3
2018-08-09 19:00:00,15.0,16.0,0.0,0.0,7.0,1057.0,1126.0,26.01,92,0.73,0.0,Rain,19,3
2018-08-11 12:00:00,12.0,13.0,0.0,0.0,8.5,540.0,1109.0,25.93,93,3.64,0.0,Thunderstorm,12,5
2018-08-11 09:00:00,12.0,13.0,0.0,0.0,8.5,334.0,1112.0,26.27,95,0.0,51.0,Rain,9,5
2018-08-13 06:00:00,14.0,14.0,0.0,0.0,7.5,826.0,2063.0,28.91,75,0.89,0.0,Thunderstorm,6,0
2018-08-13 07:00:00,14.0,15.0,0.0,0.0,7.5,1082.0,2596.0,29.16,75,0.44,0.0,Thunderstorm,7,0
2018-08-13 17:00:00,15.0,16.0,0.0,0.0,7.0,2536.0,1280.0,26.36,90,0.0,0.0,Clouds,17,0
2018-08-13 09:00:00,14.0,14.0,0.0,0.0,7.5,685.0,2692.0,28.29,70,0.0,5.0,Thunderstorm,9,0
2018-08-14 06:00:00,13.0,13.0,0.0,0.0,8.0,880.0,1762.0,30.25,69,0.0,0.0,Haze,6,1
2018-08-14 07:00:00,15.0,15.0,0.0,0.0,7.0,1101.0,2408.0,28.74,69,0.0,0.0,Haze,7,1
2018-08-14 08:00:00,15.0,15.0,0.0,0.0,7.0,784.0,2663.0,27.54,81,0.0,1.25,Rain,8,1
2018-08-15 18:00:00,15.0,16.0,0.0,0.0,7.0,2393.0,1444.0,27.31,81,0.0,0.0,Haze,18,2
2018-08-16 06:00:00,14.0,14.0,0.0,0.0,7.0,804.0,1718.0,30.22,73,0.0,0.0,Haze,6,3
2018-08-16 08:00:00,15.0,15.0,0.0,0.0,7.0,844.0,2513.0,29.91,75,0.0,0.0,Haze,8,3
2018-08-16 16:00:00,15.0,15.0,0.0,0.0,7.0,1905.0,1442.0,25.45,89,0.0,21.5,Rain,16,3
2018-08-17 13:00:00,14.0,14.0,0.0,0.0,7.5,1117.0,1423.0,27.55,90,8.0,0.0,Rain,13,4
2018-08-18 10:00:00,12.0,14.0,0.0,0.0,9.0,373.0,1097.0,27.81,71,0.0,0.0,Haze,10,5
2018-08-19 07:00:00,12.0,14.0,0.0,0.0,9.0,480.0,2442.0,28.72,69,0.0,0.0,Haze,7,6
2018-08-19 19:00:00,12.0,14.0,0.0,0.0,9.0,2145.0,1258.0,25.64,93,0.18,0.0,Rain,19,6
2018-08-20 19:00:00,15.0,15.0,0.0,0.0,8.0,1482.0,1230.0,26.52,92,0.27,0.0,Rain,19,0
2018-08-22 05:00:00,12.0,14.0,0.0,0.0,8.5,231.0,663.0,30.27,73,0.0,0.0,Haze,5,2
2018-08-21 10:00:00,12.0,14.0,0.0,0.0,8.5,574.0,1329.0,28.19,86,0.0,3.0,Rain,10,1
2018-08-23 07:00:00,15.0,15.0,0.0,0.0,7.5,978.0,1850.0,30.56,72,0.0,0.0,Haze,7,3
2018-08-23 05:00:00,8.0,8.0,0.0,0.0,9.5,237.0,492.0,30.56,72,0.0,0.0,Haze,5,3
2018-08-24 05:00:00,15.0,16.0,0.0,0.0,7.0,0.0,0.0,30.16,69,0.0,0.0,Haze,5,4
2018-08-24 13:00:00,15.0,16.0,0.0,0.0,7.0,1062.0,1500.0,28.21,81,0.0,0.0,Haze,13,4
2018-08-26 07:00:00,12.0,14.0,0.0,0.0,8.5,260.0,918.0,29.41,75,0.0,0.0,Haze,7,6
2018-08-27 07:00:00,12.0,13.0,0.0,0.0,8.5,933.0,1885.0,30.83,71,0.0,0.0,Haze,7,0
2018-08-27 10:00:00,12.0,13.0,0.0,0.0,8.5,719.0,2341.0,29.64,61,0.0,0.0,Haze,10,0
2018-08-29 06:00:00,14.0,14.0,0.0,0.0,7.5,782.0,1163.0,32.11,51,0.0,0.0,Haze,6,2
2018-08-30 06:00:00,15.0,16.0,0.0,0.0,7.0,773.0,1638.0,31.28,50,0.0,0.0,Haze,6,3
2018-08-29 11:00:00,15.0,15.0,0.0,0.0,7.0,837.0,2466.0,29.19,71,0.0,0.0,Haze,11,2
2018-08-30 20:00:00,15.0,16.0,0.0,0.0,7.0,2226.0,1492.0,26.04,89,0.0,0.0,Haze,20,3
2018-08-31 18:00:00,14.0,14.0,0.0,0.0,7.0,1784.0,1122.0,25.09,90,0.17,0.0,Rain,18,4
2018-09-01 07:00:00,12.0,12.0,0.0,0.0,8.5,306.0,479.0,30.43,62,0.0,0.0,Haze,7,5
2018-09-01 15:00:00,12.0,13.0,0.0,0.0,8.5,857.0,987.0,26.58,88,0.94,0.0,Thunderstorm,15,5
2018-09-02 09:00:00,12.0,13.0,0.0,0.0,8.5,519.0,2343.0,28.86,70,0.59,0.0,Thunderstorm,9,6
2018-09-04 06:00:00,15.0,15.0,0.0,0.0,7.0,820.0,1893.0,29.05,74,0.0,0.0,Haze,6,1
2018-09-04 19:00:00,15.0,16.0,0.0,0.0,7.0,2442.0,1262.0,25.43,91,0.0,0.0,Clouds,19,1
2018-09-10 07:00:00,15.0,15.0,0.0,0.0,7.0,1009.0,2944.0,30.82,62,0.0,0.0,Haze,7,0
2018-09-10 18:00:00,15.0,15.0,0.0,0.0,7.0,2447.0,1559.0,26.34,93,0.0,0.0,Haze,18,0
2018-09-12 06:00:00,15.0,15.0,0.0,0.0,7.0,791.0,1862.0,30.37,66,0.0,0.0,Haze,6,2
2018-09-12 08:00:00,15.0,15.0,0.0,0.0,7.0,812.0,2288.0,29.51,70,0.0,0.0,Haze,8,2
2018-09-12 12:00:00,15.0,15.0,0.0,0.0,7.0,947.0,1526.0,27.06,96,1.14,0.0,Thunderstorm,12,2
2018-09-13 16:00:00,15.0,15.0,0.0,0.0,7.0,924.0,767.0,26.27,92,0.0,9.0,Haze,16,3
2018-09-13 19:00:00,15.0,16.0,0.0,0.0,7.0,3147.0,1498.0,26.69,94,0.0,0.0,Haze,19,3
2018-09-15 06:00:00,10.0,11.0,0.0,0.0,9.0,222.0,306.0,28.55,81,0.0,0.0,Clouds,6,5
2018-09-15 08:00:00,12.0,13.0,0.0,0.0,8.5,327.0,678.0,27.24,87,0.0,15.0,Rain,8,5
2018-09-16 08:00:00,12.0,13.0,0.0,0.0,8.5,565.0,2555.0,28.35,88,0.0,8.5,Rain,8,6
2018-09-16 12:00:00,12.0,13.0,0.0,0.0,8.5,752.0,1972.0,26.76,86,0.0,0.0,Clouds,12,6
2018-09-18 05:00:00,9.0,9.0,0.0,0.0,8.0,237.0,572.0,31.6,53,0.0,0.0,Clouds,5,1
2018-09-17 15:00:00,15.0,15.0,0.0,0.0,7.0,1781.0,1442.0,26.91,100,0.0,0.0,Clouds,15,0
2018-09-18 20:00:00,15.0,16.0,0.0,0.0,7.0,2520.0,1254.0,26.65,89,0.0,0.0,Haze,20,1
2018-09-19 05:00:00,9.0,9.0,0.0,0.0,8.0,212.0,655.0,30.13,64,0.0,0.0,Smoke,5,2
2018-09-19 18:00:00,15.0,16.0,0.0,0.0,7.0,2460.0,1320.0,26.71,91,0.0,0.0,Haze,18,2
2018-09-20 09:00:00,16.0,16.0,0.0,0.0,7.0,686.0,2471.0,29.55,64,0.0,0.0,Haze,9,3
2018-09-20 08:00:00,16.0,16.0,0.0,0.0,7.0,839.0,2406.0,30.18,64,0.0,0.0,Haze,8,3
2018-09-21 13:00:00,15.0,15.0,0.0,0.0,7.0,1153.0,1522.0,26.62,90,0.0,0.0,Thunderstorm,13,4
2018-09-21 16:00:00,15.0,15.0,0.0,0.0,7.0,1786.0,1171.0,26.01,91,0.0,0.0,Haze,16,4
2018-07-22 06:00:00,11.0,11.0,0.0,0.0,9.0,405.0,1911.0,25.32,100,0.3,0.0,Thunderstorm,6,6
2018-09-24 06:00:00,10.0,10.0,0.0,0.0,8.5,740.0,2137.0,30.78,75,0.0,0.0,Clouds,6,0
2018-09-26 06:00:00,14.0,14.0,0.0,0.0,7.0,770.0,1898.0,31.37,64,0.0,0.0,Haze,6,2
2018-09-26 07:00:00,15.0,15.0,0.0,0.0,7.0,1137.0,2783.0,31.28,64,0.0,0.0,Haze,7,2
2018-09-27 09:00:00,15.0,15.0,0.0,0.0,7.0,744.0,2020.0,30.11,68,0.0,0.0,Haze,9,3
2018-09-25 11:00:00,14.0,14.0,0.0,0.0,7.5,816.0,2119.0,28.6,89,0.0,0.0,Thunderstorm,11,1
2018-09-26 17:00:00,15.0,15.0,0.0,0.0,7.0,2349.0,1363.0,26.59,87,0.0,0.0,Clouds,17,2
2018-10-31 18:00:00,15.0,15.0,0.0,0.0,7.0,2481.0,1222.0,26.43,85,0.0,0.0,Haze,18,2
2018-10-30 12:00:00,15.0,15.0,1.0,0.0,7.0,937.0,1750.0,26.28,94,0.41,0.0,Rain,12,1
2018-10-31 13:00:00,15.0,15.0,1.0,0.0,7.0,1400.0,1944.0,28.55,68,0.0,0.0,Haze,13,2
2018-10-29 17:00:00,15.0,15.0,0.0,0.0,7.0,1809.0,1389.0,25.84,83,0.0,0.0,Haze,17,0
2018-10-30 13:00:00,15.0,15.0,1.0,0.0,7.0,1015.0,1961.0,26.26,94,0.29,0.0,Rain,13,1
2018-11-28 07:00:00,15.0,15.0,0.0,0.0,7.0,1073.0,2309.0,30.02,66,0.0,0.0,Clouds,7,2
2018-11-30 05:00:00,8.0,9.0,0.0,0.0,8.5,119.0,160.0,29.8,54,0.0,0.0,Haze,5,4
2018-11-29 11:00:00,15.0,15.0,0.0,0.0,7.0,815.0,2063.0,27.82,71,0.0,0.0,Haze,11,3
2018-11-30 11:00:00,12.0,13.0,0.0,0.0,8.5,700.0,1554.0,27.3,70,0.0,0.0,Haze,11,4
2018-11-28 09:00:00,15.0,15.0,0.0,0.0,7.0,848.0,2066.0,28.55,63,0.0,0.0,Haze,9,2
2018-11-13 19:00:00,15.0,16.0,0.0,0.0,7.0,2372.0,1625.0,25.78,78,0.0,0.0,Haze,19,1
2018-11-13 10:00:00,15.0,16.0,1.0,0.0,7.0,748.0,2311.0,29.79,65,0.0,0.0,Haze,10,1
2018-11-14 14:00:00,15.0,16.0,1.0,0.0,7.0,1369.0,1745.0,26.9,76,0.0,0.0,Haze,14,2
2018-11-12 13:00:00,15.0,15.0,1.0,0.0,7.0,1051.0,1721.0,28.34,62,0.0,0.0,Haze,13,0
2018-11-14 12:00:00,15.0,16.0,1.0,0.0,7.0,943.0,2105.0,28.11,64,0.0,0.0,Haze,12,2
2018-09-03 06:00:00,15.0,15.0,0.0,0.0,7.0,660.0,1629.0,30.86,60,0.0,0.0,Haze,6,0
2018-09-03 05:00:00,9.0,9.0,0.0,0.0,7.0,163.0,625.0,30.83,60,0.0,0.0,Haze,5,0
2018-09-02 19:00:00,12.0,13.0,0.0,0.0,8.5,2365.0,1118.0,25.93,91,0.39,0.0,Thunderstorm,19,6
2018-09-03 20:00:00,15.0,16.0,0.0,0.0,7.0,2405.0,1238.0,25.11,92,0.0,0.0,Haze,20,0
2018-09-03 08:00:00,15.0,15.0,0.0,0.0,7.0,671.0,2626.0,28.7,78,0.0,0.0,Haze,8,0
2018-09-05 06:00:00,15.0,0.0,0.0,0.0,7.0,801.0,1610.0,30.22,73,0.0,0.0,Haze,6,2
2018-09-05 16:00:00,15.0,0.0,0.0,0.0,7.0,2303.0,1174.0,26.73,92,0.0,0.0,Haze,16,2
2018-09-05 12:00:00,15.0,0.0,0.0,0.0,7.0,1057.0,1799.0,27.6,86,0.0,0.0,Haze,12,2
2018-09-05 11:00:00,15.0,0.0,0.0,0.0,7.0,841.0,1937.0,27.59,86,0.0,0.0,Haze,11,2
2018-09-06 07:00:00,15.0,15.0,0.0,0.0,7.0,806.0,1112.0,26.88,85,1.71,0.0,Rain,7,3
2018-09-06 09:00:00,15.0,15.0,0.0,0.0,7.0,622.0,1383.0,26.67,85,0.0,0.3,Rain,9,3
2018-09-07 12:00:00,15.0,15.0,0.0,0.0,7.0,1028.0,1362.0,27.03,81,0.0,0.0,Haze,12,4
2018-09-09 06:00:00,12.0,13.0,0.0,0.0,8.5,360.0,1990.0,31.48,60,0.0,0.0,Haze,6,6
2018-09-08 13:00:00,12.0,13.0,0.0,0.0,8.5,570.0,1001.0,28.03,78,0.0,0.0,Thunderstorm,13,5
2018-09-08 10:00:00,12.0,12.0,0.0,0.0,8.5,397.0,1102.0,29.35,72,0.0,0.0,Haze,10,5
2018-09-09 13:00:00,12.0,13.0,0.0,0.0,8.5,968.0,1854.0,28.5,81,0.0,0.0,Haze,13,6
2018-09-22 07:00:00,12.0,13.0,0.0,0.0,8.5,305.0,503.0,31.88,59,1.5,0.0,Thunderstorm,7,5
2018-09-22 12:00:00,12.0,13.0,0.0,0.0,8.5,472.0,1269.0,28.9,81,0.12,0.0,Thunderstorm,12,5
2018-09-25 06:00:00,12.0,12.0,0.0,0.0,8.5,810.0,1947.0,31.6,58,0.0,0.0,Haze,6,1
2018-09-24 17:00:00,14.0,14.0,0.0,0.0,7.5,2192.0,1263.0,27.2,86,0.0,0.0,Haze,17,0
2018-09-24 08:00:00,13.0,13.0,0.0,0.0,8.0,897.0,3061.0,30.19,71,0.0,0.0,Clouds,8,0
2018-09-25 08:00:00,13.0,13.0,0.0,0.0,8.0,806.0,2488.0,29.71,82,0.0,3.0,Rain,8,1
2018-09-27 07:00:00,14.0,14.0,0.0,0.0,7.5,1014.0,2357.0,30.39,61,0.0,0.0,Haze,7,3
2018-09-26 10:00:00,15.0,15.0,0.0,0.0,7.0,734.0,1825.0,28.32,77,0.0,6.15,Rain,10,2
2018-09-27 19:00:00,15.0,15.0,0.0,0.0,7.0,2213.0,1517.0,27.37,81,0.0,0.0,Haze,19,3
2018-09-28 06:00:00,15.0,15.0,0.0,0.0,7.0,613.0,689.0,31.03,62,0.0,0.0,Haze,6,4
2018-09-28 18:00:00,15.0,15.0,0.0,0.0,7.0,1604.0,1270.0,27.52,81,0.0,0.0,Haze,18,4
2018-09-28 11:00:00,15.0,15.0,0.0,0.0,7.0,887.0,1534.0,28.8,77,0.0,0.0,Haze,11,4
2018-09-28 09:00:00,14.0,14.0,0.0,0.0,7.5,664.0,1548.0,30.18,72,0.0,0.0,Haze,9,4
2018-09-29 15:00:00,12.0,14.0,0.0,0.0,8.5,892.0,872.0,27.32,79,0.0,0.0,Haze,15,5
2018-09-29 10:00:00,12.0,13.0,0.0,0.0,8.5,394.0,927.0,29.8,65,0.0,0.0,Haze,10,5
2018-10-01 05:00:00,11.0,13.0,0.0,0.0,8.0,243.0,625.0,31.84,53,0.0,0.0,Haze,5,0
2018-09-30 18:00:00,12.0,13.0,0.0,0.0,8.5,1364.0,1514.0,26.7,84,0.0,0.0,Haze,18,6
2018-10-01 07:00:00,15.0,15.0,0.0,0.0,7.0,949.0,2804.0,32.12,53,0.0,0.0,Haze,7,0
2018-10-01 06:00:00,14.0,14.0,0.0,0.0,7.5,743.0,1888.0,32.18,53,0.0,0.0,Haze,6,0
2018-09-30 11:00:00,12.0,13.0,0.0,0.0,8.5,632.0,1892.0,28.84,71,0.0,0.0,Haze,11,6
2018-10-02 06:00:00,15.0,15.0,0.0,0.0,7.0,786.0,1935.0,31.23,63,0.0,0.0,Haze,6,1
2018-10-01 12:00:00,15.0,16.0,0.0,0.0,7.0,872.0,1686.0,29.14,66,0.0,0.0,Haze,12,0
2018-10-03 05:00:00,7.0,7.0,0.0,0.0,8.0,228.0,589.0,31.62,61,0.0,0.0,Haze,5,2
2018-10-03 06:00:00,14.0,14.0,0.0,0.0,7.0,753.0,1745.0,31.92,61,0.0,0.0,Haze,6,2
2018-10-02 12:00:00,15.0,16.0,0.0,0.0,7.0,796.0,1616.0,26.48,93,0.0,0.0,Haze,12,1
2018-10-04 05:00:00,7.0,9.0,0.0,0.0,8.0,230.0,549.0,30.52,67,0.0,0.0,Haze,5,3
2018-10-03 20:00:00,15.0,15.0,0.0,0.0,7.0,2305.0,1305.0,25.01,93,0.0,0.0,Haze,20,2
2018-10-04 09:00:00,15.0,16.0,0.0,0.0,7.0,687.0,2286.0,30.15,61,0.0,0.0,Haze,9,3
2018-10-04 11:00:00,15.0,15.0,0.0,0.0,7.0,844.0,1726.0,28.01,75,0.0,0.0,Haze,11,3
2018-10-05 05:00:00,13.0,13.0,0.0,0.0,8.0,223.0,203.0,31.02,55,0.0,0.0,Haze,5,4
2018-10-06 07:00:00,12.0,12.0,0.0,0.0,8.5,296.0,466.0,31.16,54,0.0,0.0,Haze,7,5
2018-10-06 06:00:00,11.0,11.0,0.0,0.0,9.0,208.0,396.0,31.53,54,0.0,0.0,Haze,6,5
2018-10-05 12:00:00,15.0,16.0,0.0,0.0,7.0,1078.0,1538.0,28.11,72,0.0,0.0,Haze,12,4
2018-10-07 07:00:00,12.0,12.0,0.0,0.0,8.5,594.0,2777.0,31.77,64,0.0,0.0,Haze,7,6
2018-10-07 06:00:00,12.0,12.0,0.0,0.0,8.5,426.0,2088.0,32.0,64,0.0,0.0,Haze,6,6
2018-10-06 12:00:00,12.0,13.0,0.0,0.0,8.5,469.0,955.0,28.37,69,0.0,0.0,Haze,12,5
2018-10-06 18:00:00,12.0,12.0,0.0,0.0,8.5,832.0,764.0,26.69,79,0.0,0.0,Haze,18,5
2018-10-06 11:00:00,12.0,13.0,0.0,0.0,8.5,425.0,1185.0,28.69,69,0.0,0.0,Haze,11,5
2018-10-06 10:00:00,12.0,13.0,0.0,0.0,8.5,352.0,1107.0,29.39,55,0.0,0.0,Haze,10,5
2018-10-07 13:00:00,12.0,12.0,0.0,0.0,8.5,879.0,1645.0,28.75,78,0.0,0.0,Haze,13,6
2018-10-08 05:00:00,10.0,11.0,0.0,0.0,7.0,275.0,552.0,31.87,56,0.0,0.0,Haze,5,0
2018-10-07 11:00:00,12.0,12.0,0.0,0.0,8.5,615.0,2191.0,29.07,78,0.0,0.0,Haze,11,6
2018-10-07 10:00:00,12.0,12.0,0.0,0.0,8.5,555.0,1736.0,30.53,63,0.0,8.1,Rain,10,6
2018-10-09 06:00:00,13.0,13.0,0.0,0.0,8.0,712.0,2009.0,31.83,60,0.0,0.0,Haze,6,1
2018-10-08 11:00:00,15.0,15.0,0.0,0.0,7.0,812.0,2127.0,28.13,85,0.0,0.0,Haze,11,0
2018-10-09 05:00:00,7.0,7.0,0.0,0.0,8.0,248.0,544.0,31.54,60,0.0,0.0,Haze,5,1
2018-10-08 18:00:00,15.0,15.0,0.0,0.0,7.0,2670.0,1382.0,26.99,90,0.0,0.0,Haze,18,0
2018-10-10 05:00:00,7.0,7.0,0.0,0.0,8.0,238.0,529.0,30.43,79,1.5,0.0,Thunderstorm,5,2
2018-10-10 07:00:00,15.0,15.0,0.0,0.0,7.0,1041.0,2661.0,30.07,79,0.2,0.0,Thunderstorm,7,2
2018-10-09 17:00:00,15.0,15.0,0.0,0.0,7.0,2302.0,1466.0,27.15,85,0.0,0.0,Haze,17,1
2018-10-10 06:00:00,13.0,13.0,0.0,0.0,8.0,785.0,2221.0,30.33,79,0.21,0.0,Thunderstorm,6,2
2018-10-11 05:00:00,13.0,13.0,0.0,0.0,8.0,230.0,313.0,31.85,49,0.0,0.0,Haze,5,3
2018-10-10 17:00:00,15.0,16.0,0.0,0.0,7.0,2137.0,1250.0,26.94,91,0.0,0.0,Haze,17,2
2018-10-10 14:00:00,15.0,16.0,0.0,0.0,7.0,1257.0,1639.0,27.79,90,0.0,0.0,Thunderstorm,14,2
2018-10-12 06:00:00,15.0,15.0,0.0,0.0,7.0,681.0,902.0,33.25,54,0.0,0.0,Haze,6,4
2018-10-11 12:00:00,15.0,15.0,0.0,0.0,7.0,952.0,2032.0,29.22,69,0.0,0.0,Haze,12,3
2018-10-11 09:00:00,13.0,13.0,0.0,0.0,8.0,693.0,2320.0,31.82,55,0.0,0.0,Haze,9,3
2018-10-12 05:00:00,13.0,14.0,0.0,0.0,7.0,193.0,193.0,32.67,54,0.0,0.0,Haze,5,4
2018-10-11 11:00:00,14.0,14.0,0.0,0.0,7.5,859.0,1771.0,29.28,69,0.0,0.0,Haze,11,3
2018-10-12 18:00:00,15.0,15.0,0.0,0.0,7.0,1344.0,834.0,27.34,83,0.0,0.0,Haze,18,4
2018-10-12 12:00:00,15.0,16.0,0.0,0.0,7.0,1090.0,1672.0,29.49,66,0.0,0.0,Haze,12,4
2018-10-13 05:00:00,6.0,6.0,0.0,0.0,8.5,59.0,105.0,33.3,47,0.0,0.0,Haze,5,5
2018-10-14 05:00:00,9.0,12.0,0.0,0.0,8.5,97.0,817.0,30.15,77,0.5,0.0,Rain,5,6
2018-10-13 18:00:00,12.0,15.0,0.0,0.0,8.5,954.0,744.0,28.06,74,0.0,0.0,Haze,18,5
2018-10-15 07:00:00,15.0,15.0,0.0,0.0,7.0,1016.0,2731.0,30.33,67,0.59,0.0,Thunderstorm,7,0
2018-10-14 19:00:00,12.0,14.0,0.0,0.0,8.5,2198.0,1458.0,26.3,88,0.0,0.0,Haze,19,6
2018-10-15 05:00:00,9.0,9.0,0.0,0.0,8.0,253.0,596.0,31.51,67,0.16,0.0,Thunderstorm,5,0
2018-10-15 13:00:00,15.0,15.0,0.0,0.0,7.0,0.0,22.0,26.71,86,0.0,0.0,Haze,13,0
2018-10-16 07:00:00,15.0,16.0,0.0,0.0,7.0,1080.0,2782.0,29.45,75,0.0,0.0,Haze,7,1
2018-10-16 06:00:00,14.0,14.0,0.0,0.0,7.5,788.0,1957.0,29.67,75,0.0,0.0,Haze,6,1
2018-10-15 11:00:00,15.0,15.0,0.0,0.0,7.0,759.0,1526.0,26.72,86,0.0,0.0,Haze,11,0
2018-10-16 05:00:00,8.0,8.0,0.0,0.0,7.0,249.0,520.0,30.43,75,0.0,0.0,Haze,5,1
2018-10-17 05:00:00,7.0,7.0,0.0,0.0,8.0,253.0,647.0,32.34,59,0.0,0.0,Haze,5,2
2018-10-16 16:00:00,15.0,16.0,0.0,0.0,7.0,2043.0,1139.0,27.11,93,0.0,0.0,Haze,16,1
2018-10-16 10:00:00,15.0,15.0,0.0,0.0,7.0,713.0,1982.0,28.7,84,0.0,0.6,Rain,10,1
2018-10-17 21:00:00,15.0,15.0,0.0,0.0,7.0,2085.0,989.0,25.39,93,0.0,0.0,Haze,21,2
2018-10-18 06:00:00,13.0,13.0,0.0,0.0,8.0,795.0,1809.0,32.91,58,0.0,0.0,Haze,6,3
2018-10-17 11:00:00,15.0,16.0,0.0,0.0,7.0,777.0,2040.0,27.32,89,0.0,0.0,Haze,11,2
2018-10-18 19:00:00,15.0,16.0,0.0,0.0,7.0,2035.0,1577.0,26.64,86,0.0,0.0,Haze,19,3
2018-10-19 05:00:00,7.0,7.0,0.0,0.0,8.0,195.0,268.0,32.5,49,0.0,0.0,Haze,5,4
2018-10-18 15:00:00,15.0,15.0,0.0,0.0,7.0,1970.0,1310.0,27.68,82,0.0,0.0,Haze,15,3
2018-10-20 07:00:00,12.0,13.0,0.0,0.0,8.5,304.0,514.0,31.81,61,0.0,0.0,Haze,7,5
2018-10-19 10:00:00,15.0,16.0,0.0,0.0,7.0,693.0,1539.0,30.71,46,0.0,0.0,Haze,10,4
2018-10-20 05:00:00,10.0,13.0,0.0,0.0,8.5,60.0,135.0,31.5,61,0.0,0.0,Haze,5,5
2018-10-20 20:00:00,12.0,15.0,0.0,0.0,8.5,1072.0,570.0,26.29,99,0.0,1.0,Rain,20,5
2018-10-21 05:00:00,12.0,13.0,0.0,0.0,8.5,116.0,658.0,30.62,60,0.0,0.0,Haze,5,6
2018-10-21 16:00:00,12.0,13.0,0.0,0.0,8.5,1957.0,1101.0,27.46,82,0.0,0.0,Haze,16,6
2018-10-22 05:00:00,9.0,9.0,0.0,0.0,8.0,231.0,664.0,32.03,47,0.0,0.0,Haze,5,0
2018-10-22 07:00:00,15.0,15.0,0.0,0.0,7.0,1019.0,2609.0,32.03,47,0.0,0.0,Haze,7,0
2018-10-21 10:00:00,12.0,13.0,0.0,0.0,8.5,633.0,2191.0,29.44,66,0.0,0.0,Haze,10,6
2018-10-22 14:00:00,15.0,16.0,0.0,0.0,7.0,1320.0,1525.0,27.46,74,0.0,0.0,Haze,14,0
2018-10-23 05:00:00,7.0,7.0,0.0,0.0,8.0,249.0,732.0,31.83,56,0.0,0.0,Haze,5,1
2018-10-24 05:00:00,8.0,8.0,0.0,0.0,8.0,246.0,587.0,31.14,61,0.0,0.0,Haze,5,2
2018-10-23 11:00:00,15.0,15.0,0.0,0.0,7.0,808.0,1941.0,28.78,66,0.0,0.0,Haze,11,1
2018-10-23 16:00:00,15.0,15.0,0.0,0.0,7.0,1832.0,1130.0,26.75,78,0.0,0.0,Haze,16,1
2018-10-24 07:00:00,15.0,16.0,0.0,0.0,7.0,1035.0,2207.0,31.16,61,0.0,0.0,Haze,7,2
2018-10-24 20:00:00,15.0,16.0,0.0,0.0,7.0,2330.0,1164.0,25.69,85,0.0,0.0,Haze,20,2
2018-10-25 05:00:00,8.0,8.0,0.0,0.0,8.0,210.0,546.0,31.41,58,0.0,0.0,Haze,5,3
2018-10-24 14:00:00,15.0,16.0,0.0,0.0,7.0,1262.0,1498.0,27.31,71,0.0,0.0,Haze,14,2
2018-10-25 18:00:00,15.0,16.0,0.0,0.0,7.0,1450.0,1461.0,26.81,80,0.0,0.0,Haze,18,3
2018-10-26 05:00:00,9.0,9.0,0.0,0.0,8.0,197.0,192.0,32.22,56,0.0,0.0,Haze,5,4
2018-10-26 12:00:00,15.0,16.0,0.0,0.0,7.0,969.0,1672.0,28.61,52,0.0,0.0,Haze,12,4
2018-10-27 05:00:00,7.0,7.0,0.0,0.0,9.0,69.0,95.0,31.84,51,0.0,0.0,Haze,5,5
2018-10-26 20:00:00,15.0,16.0,0.0,0.0,7.0,1219.0,625.0,26.46,76,0.0,0.0,Haze,20,4
2018-10-27 06:00:00,12.0,12.0,0.0,0.0,8.5,233.0,435.0,31.54,51,0.0,0.0,Haze,6,5
2018-10-27 14:00:00,12.0,13.0,1.0,0.0,8.5,727.0,850.0,27.56,75,0.0,0.0,Haze,14,5
2018-10-27 20:00:00,12.0,13.0,0.0,0.0,8.5,1005.0,544.0,26.47,84,0.0,0.0,Haze,20,5
2018-10-28 05:00:00,7.0,7.0,0.0,0.0,9.0,94.0,853.0,32.02,45,0.0,0.0,Haze,5,6
2018-10-27 11:00:00,13.0,14.0,0.0,0.0,8.5,451.0,1374.0,28.66,65,0.0,0.0,Haze,11,5
2018-10-28 14:00:00,12.0,13.0,1.0,0.0,8.5,1237.0,1630.0,26.28,81,0.0,0.0,Haze,14,6
2018-10-28 11:00:00,12.0,13.0,1.0,0.0,8.5,666.0,1653.0,27.88,82,0.5,0.0,Rain,11,6
2018-10-28 18:00:00,12.0,13.0,0.0,0.0,8.5,2012.0,1431.0,25.63,77,0.0,0.0,Haze,18,6
2018-10-29 05:00:00,6.0,6.0,0.0,0.0,9.0,216.0,637.0,29.3,43,0.0,0.0,Haze,5,0
2018-10-29 21:00:00,15.0,16.0,0.0,0.0,7.0,2183.0,800.0,25.83,80,0.0,0.0,Haze,21,0
2018-10-29 11:00:00,15.0,15.0,1.0,0.0,7.0,740.0,2015.0,27.3,70,0.0,0.0,Haze,11,0
2018-10-30 05:00:00,9.0,9.0,0.0,0.0,8.0,231.0,519.0,26.64,90,1.39,0.0,Rain,5,1
2018-10-29 08:00:00,15.0,15.0,1.0,0.0,7.0,820.0,2746.0,28.5,59,0.0,0.0,Haze,8,0
2018-10-30 09:00:00,15.0,15.0,1.0,0.0,7.0,733.0,2705.0,26.42,92,0.0,16.0,Rain,9,1
2018-10-31 07:00:00,14.0,14.0,0.0,0.0,8.0,949.0,2315.0,31.44,57,0.27,0.0,Thunderstorm,7,2
2018-10-31 05:00:00,7.0,7.0,0.0,0.0,8.0,220.0,530.0,31.75,57,0.12,0.0,Thunderstorm,5,2
2018-11-01 05:00:00,6.0,6.0,0.0,0.0,9.0,205.0,224.0,32.81,53,0.0,0.0,Haze,5,3
2018-10-31 10:00:00,15.0,15.0,1.0,0.0,7.0,643.0,1590.0,29.51,61,0.0,2.0,Rain,10,2
2018-10-31 08:00:00,14.0,14.0,0.0,0.0,8.0,691.0,2277.0,30.9,61,0.0,2.0,Rain,8,2
2018-11-01 18:00:00,12.0,13.0,0.0,0.0,8.5,584.0,648.0,27.58,86,0.0,0.0,Haze,18,3
2018-11-01 11:00:00,12.0,13.0,0.0,0.0,8.5,333.0,1320.0,29.41,72,0.0,0.0,Thunderstorm,11,3
2018-11-03 06:00:00,12.0,13.0,0.0,0.0,8.5,149.0,284.0,32.51,53,0.0,0.0,Haze,6,5
2018-11-02 11:00:00,12.0,13.0,0.0,0.0,8.5,409.0,996.0,29.04,76,0.0,0.0,Haze,11,4
2018-11-04 06:00:00,12.0,12.0,0.0,0.0,8.5,370.0,2138.0,33.01,59,0.0,0.0,Haze,6,6
2018-11-03 11:00:00,12.0,13.0,0.0,0.0,8.5,334.0,1185.0,29.19,69,0.0,0.0,Haze,11,5
2018-11-05 06:00:00,15.0,16.0,0.0,0.0,7.0,370.0,2138.0,32.4,48,0.0,0.0,Haze,6,0
2018-11-04 13:00:00,12.0,13.0,0.0,0.0,8.5,850.0,1633.0,28.36,73,0.0,0.0,Haze,13,6
2018-11-05 15:00:00,15.0,15.0,0.0,0.0,7.0,1539.0,1157.0,27.37,86,0.0,0.0,Haze,15,0
2018-11-05 11:00:00,15.0,15.0,1.0,0.0,7.0,612.0,1828.0,28.48,69,0.0,0.0,Haze,11,0
2018-11-07 05:00:00,9.0,9.0,0.0,0.0,7.0,171.0,478.0,29.82,55,0.0,0.0,Haze,5,2
2018-11-06 12:00:00,15.0,16.0,1.0,0.0,7.0,857.0,1899.0,28.55,71,0.0,0.0,Haze,12,1
2018-11-06 10:00:00,15.0,15.0,1.0,0.0,7.0,746.0,2034.0,30.17,49,0.0,0.0,Haze,10,1
2018-11-07 12:00:00,15.0,16.0,1.0,0.0,7.0,863.0,1865.0,27.82,73,0.0,0.0,Haze,12,2
2018-11-07 11:00:00,15.0,16.0,1.0,0.0,7.0,785.0,2050.0,28.12,73,0.0,0.0,Haze,11,2
2018-11-08 05:00:00,9.0,9.0,0.0,0.0,8.0,165.0,564.0,32.43,47,0.0,0.0,Haze,5,3
2018-11-09 05:00:00,8.0,8.0,0.0,0.0,8.0,158.0,179.0,29.16,60,0.0,0.0,Haze,5,4
2018-11-09 06:00:00,15.0,15.0,0.0,0.0,7.0,558.0,854.0,29.16,60,0.0,0.0,Haze,6,4
2018-11-08 12:00:00,15.0,16.0,1.0,0.0,7.0,1028.0,1658.0,27.76,68,0.0,0.0,Haze,12,3
2018-11-08 10:00:00,15.0,16.0,1.0,0.0,7.0,807.0,1944.0,29.88,51,0.0,0.0,Haze,10,3
2018-11-09 14:00:00,15.0,16.0,1.0,0.0,7.0,1397.0,1359.0,26.9,78,0.0,0.0,Haze,14,4
2018-11-09 10:00:00,15.0,15.0,1.0,0.0,7.0,821.0,1370.0,28.52,63,0.0,0.0,Haze,10,4
2018-11-10 05:00:00,12.0,12.0,0.0,0.0,8.5,42.0,98.0,30.5,55,0.0,0.0,Haze,5,5
2018-11-10 11:00:00,12.0,13.0,1.0,0.0,8.5,418.0,1439.0,27.24,72,0.0,0.0,Haze,11,5
2018-11-10 18:00:00,12.0,13.0,1.0,0.0,8.5,1029.0,902.0,25.23,84,0.0,0.0,Haze,18,5
2018-11-11 14:00:00,12.0,13.0,1.0,0.0,8.5,1165.0,1720.0,26.64,69,0.0,0.0,Haze,14,6
2018-11-11 10:00:00,12.0,12.0,1.0,0.0,8.5,576.0,1953.0,29.27,52,0.0,0.0,Haze,10,6
2018-11-12 06:00:00,13.0,15.0,0.0,0.0,7.0,697.0,1837.0,30.94,55,0.0,0.0,Haze,6,0
2018-11-13 05:00:00,9.0,9.0,0.0,0.0,7.0,152.0,611.0,30.62,62,0.0,0.0,Haze,5,1
2018-11-12 15:00:00,15.0,15.0,1.0,0.0,7.0,1863.0,1410.0,27.74,66,0.0,0.0,Haze,15,0
2018-11-12 10:00:00,15.0,15.0,0.0,0.0,7.0,749.0,2351.0,29.83,53,0.0,0.0,Haze,10,0
2018-11-12 12:00:00,15.0,15.0,1.0,0.0,7.0,904.0,2053.0,28.36,62,0.0,0.0,Haze,12,0
2018-11-14 05:00:00,14.0,14.0,0.0,0.0,7.5,154.0,569.0,32.84,40,0.0,0.0,Haze,5,2
2018-11-14 07:00:00,15.0,15.0,0.0,0.0,7.0,1047.0,2359.0,32.81,40,0.0,0.0,Haze,7,2
2018-11-14 15:00:00,15.0,16.0,0.0,0.0,7.0,1875.0,1242.0,26.9,76,0.0,0.0,Haze,15,2
2018-11-14 10:00:00,15.0,16.0,1.0,0.0,7.0,778.0,2330.0,30.22,44,0.0,0.0,Haze,10,2
2018-11-15 05:00:00,14.0,15.0,0.0,0.0,7.0,157.0,593.0,32.46,43,0.0,0.0,Haze,5,3
2018-11-15 11:00:00,15.0,15.0,1.0,0.0,7.0,803.0,2466.0,28.43,62,0.0,0.0,Haze,11,3
2018-11-15 09:00:00,15.0,15.0,1.0,0.0,7.0,829.0,2315.0,30.56,47,0.0,0.0,Haze,9,3
2018-11-15 08:00:00,15.0,15.0,0.0,0.0,7.0,881.0,2278.0,30.96,47,0.0,0.0,Haze,8,3
2018-11-15 12:00:00,15.0,16.0,1.0,0.0,7.0,1050.0,2135.0,28.12,62,0.0,0.0,Haze,12,3
2018-11-15 10:00:00,15.0,15.0,1.0,0.0,7.0,807.0,2337.0,29.8,47,0.0,0.0,Haze,10,3
2018-11-16 06:00:00,13.0,13.0,0.0,0.0,8.0,598.0,995.0,31.84,62,0.0,0.0,Haze,6,4
2018-11-16 09:00:00,14.0,14.0,0.0,0.0,7.5,742.0,1681.0,30.04,49,0.0,0.0,Haze,9,4
2018-11-16 10:00:00,14.0,14.0,1.0,0.0,7.5,782.0,1617.0,29.57,49,0.0,0.0,Haze,10,4
2018-11-16 08:00:00,14.0,14.0,0.0,0.0,7.5,779.0,1393.0,30.71,49,0.0,0.0,Haze,8,4
2018-11-16 11:00:00,15.0,15.0,1.0,0.0,7.0,931.0,1658.0,28.29,66,0.0,0.0,Haze,11,4
2018-11-17 14:00:00,12.0,13.0,1.0,0.0,8.5,866.0,1244.0,27.16,62,0.9,0.0,Rain,14,5
2018-11-17 12:00:00,12.0,13.0,1.0,0.0,8.5,578.0,1444.0,27.97,55,0.0,0.0,Clouds,12,5
2018-11-17 10:00:00,12.0,13.0,1.0,0.0,8.5,351.0,1189.0,28.75,55,0.0,0.0,Clouds,10,5
2018-11-18 18:00:00,12.0,13.0,1.0,0.0,8.5,2305.0,1505.0,25.3,82,0.0,0.0,Clouds,18,6
2018-11-18 12:00:00,12.0,13.0,1.0,0.0,8.5,806.0,1677.0,27.31,66,0.0,0.0,Clouds,12,6
2018-11-18 10:00:00,12.0,13.0,1.0,0.0,8.5,569.0,2401.0,28.13,62,0.0,0.0,Clouds,10,6
2018-11-20 07:00:00,15.0,15.0,0.0,0.0,7.0,1003.0,2634.0,29.0,59,0.0,0.0,Clouds,7,1
2018-11-20 20:00:00,14.0,14.0,0.0,0.0,8.0,1513.0,1107.0,27.0,62,0.0,0.0,Clouds,20,1
2018-11-20 14:00:00,15.0,15.0,1.0,0.0,7.0,1282.0,1832.0,27.16,66,0.0,0.0,Clouds,14,1
2018-11-21 06:00:00,13.0,13.0,0.0,0.0,8.0,738.0,1783.0,26.4,100,0.14,0.0,Rain,6,2
2018-11-20 12:00:00,15.0,15.0,1.0,0.0,7.0,950.0,2111.0,27.3,66,0.0,0.0,Clouds,12,1
2018-11-21 11:00:00,15.0,16.0,1.0,0.0,7.0,749.0,2212.0,25.91,100,0.0,0.0,Clouds,11,2
2018-11-21 14:00:00,15.0,16.0,1.0,0.0,7.0,1344.0,1671.0,25.79,100,0.0,0.0,Clouds,14,2
2018-11-22 06:00:00,15.0,16.0,0.0,0.0,7.0,720.0,1776.0,30.38,66,0.0,0.0,Clouds,6,3
2018-11-22 15:00:00,15.0,16.0,0.0,0.0,7.0,1980.0,1466.0,26.5,89,0.0,0.0,Clouds,15,3
2018-11-23 07:00:00,15.0,16.0,0.0,0.0,7.0,801.0,998.0,31.36,54,0.0,0.0,Clouds,7,4
2018-11-22 12:00:00,15.0,16.0,0.0,0.0,7.0,1031.0,1932.0,26.75,89,0.0,0.0,Clouds,12,3
2018-11-22 11:00:00,15.0,16.0,0.0,0.0,7.0,793.0,1920.0,27.35,79,0.0,0.0,Clouds,11,3
2018-11-23 11:00:00,15.0,15.0,0.0,0.0,7.0,881.0,1666.0,27.31,73,0.0,0.0,Haze,11,4
2018-11-23 20:00:00,15.0,15.0,0.0,0.0,7.0,1380.0,793.0,24.85,89,0.0,0.0,Haze,20,4
2018-11-24 20:00:00,12.0,13.0,0.0,0.0,8.5,1026.0,604.0,25.46,48,0.0,0.0,Haze,20,5
2018-11-24 12:00:00,12.0,13.0,0.0,0.0,8.5,520.0,1374.0,27.49,80,0.0,0.0,Haze,12,5
2018-11-24 13:00:00,12.0,13.0,0.0,0.0,8.5,633.0,1259.0,27.18,80,0.0,0.0,Haze,13,5
2018-11-24 10:00:00,12.0,13.0,0.0,0.0,8.5,348.0,948.0,28.57,77,0.0,0.0,Haze,10,5
2018-11-25 11:00:00,12.0,13.0,0.0,0.0,8.5,637.0,1641.0,27.27,76,0.0,0.0,Haze,11,6
2018-11-25 13:00:00,12.0,13.0,0.0,0.0,8.5,918.0,2097.0,27.12,76,0.0,0.0,Haze,13,6
2018-11-25 17:00:00,12.0,13.0,0.0,0.0,8.5,2162.0,1226.0,25.53,86,0.0,0.0,Haze,17,6
2018-11-25 10:00:00,12.0,13.0,0.0,0.0,8.5,539.0,1935.0,27.47,73,0.0,0.0,Haze,10,6
2018-11-26 05:00:00,13.0,14.0,0.0,0.0,7.5,151.0,644.0,31.79,64,0.0,0.0,Haze,5,0
2018-11-26 07:00:00,15.0,15.0,0.0,0.0,7.0,1023.0,2512.0,31.43,64,0.0,0.0,Haze,7,0
2018-11-27 07:00:00,15.0,16.0,0.0,0.0,7.0,1144.0,2456.0,31.4,51,0.0,0.0,Haze,7,1
2018-11-27 05:00:00,15.0,15.0,0.0,0.0,7.0,151.0,578.0,31.43,51,0.0,0.0,Haze,5,1
2018-11-28 05:00:00,15.0,15.0,0.0,0.0,7.0,149.0,536.0,30.36,66,0.0,0.0,Clouds,5,2
2018-11-27 11:00:00,15.0,15.0,0.0,0.0,7.0,792.0,1835.0,27.5,69,0.0,0.0,Haze,11,1
2018-11-29 06:00:00,15.0,16.0,0.0,0.0,7.0,512.0,1796.0,31.62,60,0.0,0.0,Haze,6,3
2018-11-28 18:00:00,15.0,16.0,0.0,0.0,7.0,2423.0,1499.0,26.11,78,0.0,0.0,Haze,18,2
2018-12-01 07:00:00,12.0,13.0,0.0,0.0,8.5,269.0,470.0,30.47,55,0.0,0.0,Haze,7,5
2018-11-30 18:00:00,12.0,13.0,0.0,0.0,8.5,1311.0,1101.0,25.39,79,0.0,0.0,Haze,18,4
2018-11-30 16:00:00,12.0,13.0,0.0,0.0,8.5,1381.0,1256.0,26.05,76,0.0,0.0,Haze,16,4
2018-11-30 13:00:00,12.0,13.0,0.0,0.0,8.5,962.0,1694.0,26.98,70,0.0,0.0,Haze,13,4
2018-12-02 05:00:00,7.0,7.0,0.0,0.0,9.0,91.0,580.0,31.19,54,0.3,0.0,Rain,5,6
2018-12-01 10:00:00,12.0,13.0,0.0,0.0,8.5,365.0,1004.0,28.18,73,0.0,0.0,Haze,10,5
2018-12-02 07:00:00,12.0,13.0,0.0,0.0,8.5,497.0,2494.0,30.55,54,0.3,0.0,Rain,7,6
2018-12-01 13:00:00,12.0,13.0,0.0,0.0,8.5,702.0,1481.0,27.08,70,0.0,0.0,Haze,13,5
2018-12-02 18:00:00,12.0,13.0,0.0,0.0,8.5,2628.0,1685.0,25.63,85,0.0,0.0,Haze,18,6
2018-12-02 10:00:00,12.0,13.0,0.0,0.0,8.5,533.0,1948.0,27.3,56,0.0,0.0,Haze,10,6
2018-12-02 13:00:00,12.0,13.0,0.0,0.0,8.5,990.0,2127.0,27.1,70,0.0,0.0,Haze,13,6
2018-12-02 12:00:00,12.0,13.0,0.0,0.0,8.5,826.0,1763.0,27.4,70,0.0,0.0,Haze,12,6
2018-12-03 18:00:00,15.0,16.0,0.0,0.0,7.0,1320.0,750.0,27.26,78,0.0,0.0,Haze,18,0
2018-12-03 12:00:00,15.0,16.0,0.0,0.0,7.0,1074.0,1160.0,27.89,68,0.0,0.0,Haze,12,0
2018-12-05 05:00:00,13.0,13.0,0.0,0.0,8.0,162.0,602.0,31.31,56,0.0,0.0,Haze,5,2
2018-12-05 06:00:00,13.0,13.0,0.0,0.0,8.0,629.0,1723.0,31.63,56,0.0,0.0,Haze,6,2
2018-12-04 11:00:00,15.0,15.0,0.0,0.0,7.0,690.0,1790.0,28.09,75,0.0,0.0,Haze,11,1
2018-12-07 06:00:00,14.0,14.0,0.0,0.0,7.5,515.0,896.0,30.76,55,1.5,0.0,Thunderstorm,6,4
2018-12-06 17:00:00,15.0,16.0,0.0,0.0,7.0,2160.0,1580.0,26.51,86,0.0,0.0,Haze,17,3
2018-12-06 16:00:00,15.0,16.0,0.0,0.0,7.0,1790.0,1485.0,26.9,85,0.0,0.0,Haze,16,3
2018-12-06 12:00:00,15.0,16.0,0.0,0.0,7.0,1031.0,2164.0,28.13,69,0.0,0.0,Haze,12,3
2018-12-07 17:00:00,15.0,16.0,0.0,0.0,7.0,1714.0,1591.0,26.93,83,0.0,0.0,Haze,17,4
2018-12-07 11:00:00,15.0,15.0,0.0,0.0,7.0,865.0,1493.0,27.42,78,0.3,0.0,Rain,11,4
2018-12-07 12:00:00,15.0,16.0,0.0,0.0,7.0,1047.0,1672.0,27.41,78,0.3,0.0,Rain,12,4
2018-12-08 11:00:00,12.0,13.0,0.0,0.0,8.5,498.0,1290.0,28.1,68,0.0,0.0,Haze,11,5
2018-12-09 07:00:00,12.0,12.0,0.0,0.0,8.5,555.0,2239.0,30.38,62,0.0,0.0,Haze,7,6
2018-12-08 09:00:00,12.0,13.0,0.0,0.0,8.5,411.0,1090.0,30.25,54,0.0,0.0,Haze,9,5
2018-12-08 12:00:00,12.0,13.0,0.0,0.0,8.5,600.0,1406.0,27.77,68,0.0,0.0,Haze,12,5
2018-12-10 05:00:00,7.0,7.0,0.0,0.0,7.0,157.0,442.0,31.05,46,0.0,0.0,Haze,5,0
2018-12-09 12:00:00,12.0,13.0,0.0,0.0,8.5,775.0,1536.0,27.3,81,0.0,0.0,Haze,12,6
2018-12-09 10:00:00,12.0,13.0,0.0,0.0,8.5,394.0,1507.0,28.73,66,0.0,0.0,Clouds,10,6
2018-12-10 10:00:00,15.0,15.0,0.0,0.0,7.0,715.0,2222.0,29.66,62,0.0,0.0,Haze,10,0
2018-12-11 07:00:00,14.0,14.0,0.0,0.0,7.5,1026.0,2227.0,30.94,62,0.0,0.0,Haze,7,1
2018-12-11 06:00:00,14.0,14.0,0.0,0.0,7.5,761.0,1867.0,30.88,62,0.0,0.0,Haze,6,1
2018-12-11 11:00:00,15.0,16.0,1.0,0.0,7.0,789.0,1990.0,27.63,72,0.0,0.0,Haze,11,1
2018-12-11 14:00:00,15.0,15.0,1.0,0.0,7.0,1446.0,2076.0,26.53,83,0.0,0.0,Haze,14,1
2018-12-11 12:00:00,15.0,16.0,1.0,0.0,7.0,996.0,1918.0,27.32,72,0.0,0.0,Haze,12,1
2018-12-11 20:00:00,15.0,15.0,0.0,0.0,7.0,2601.0,1773.0,25.44,91,0.0,0.0,Haze,20,1
2018-12-14 10:00:00,15.0,16.0,1.0,0.0,6.5,748.0,1216.0,25.31,91,0.0,9.5,Rain,10,4
2018-12-14 20:00:00,15.0,15.0,0.0,0.0,7.0,1586.0,1063.0,24.9,95,0.3,0.0,Rain,20,4
2018-12-16 07:00:00,12.0,13.0,1.0,0.0,8.0,541.0,2563.0,29.61,63,0.0,0.0,Haze,7,6
2018-12-16 19:00:00,12.0,13.0,1.0,0.0,8.0,2439.0,1343.0,25.01,90,0.0,0.0,Haze,19,6
2018-12-16 11:00:00,12.0,13.0,1.0,0.0,8.0,754.0,2216.0,27.12,77,0.0,0.0,Haze,11,6
2018-12-16 12:00:00,12.0,13.0,1.0,0.0,8.0,915.0,2026.0,26.83,77,0.0,0.0,Haze,12,6
2018-12-17 09:00:00,15.0,16.0,1.0,0.0,6.5,711.0,2195.0,28.78,68,0.0,0.0,Haze,9,0
2018-12-17 17:00:00,15.0,16.0,1.0,0.0,6.5,1086.0,1561.0,25.62,84,0.0,0.0,Haze,17,0
2018-12-17 12:00:00,15.0,16.0,1.0,0.0,6.5,1080.0,2260.0,27.17,69,0.0,0.0,Haze,12,0
2018-12-19 07:00:00,15.0,16.0,1.0,0.0,6.5,1025.0,2174.0,29.69,54,0.0,0.0,Haze,7,2
2018-12-18 12:00:00,15.0,16.0,1.0,0.0,6.5,1025.0,1914.0,26.8,67,0.0,0.0,Haze,12,1
2018-12-18 11:00:00,15.0,16.0,1.0,0.0,6.5,776.0,2419.0,26.8,67,0.0,0.0,Haze,11,1
2018-12-19 05:00:00,10.0,14.0,0.0,0.0,7.0,129.0,412.0,30.04,54,0.0,0.0,Haze,5,2
2018-12-20 07:00:00,15.0,16.0,1.0,0.0,6.5,900.0,1788.0,28.14,54,0.0,0.0,Haze,7,3
2018-12-19 13:00:00,15.0,15.0,1.0,0.0,6.5,1218.0,2372.0,26.48,72,0.0,0.0,Haze,13,2
2018-12-19 12:00:00,15.0,15.0,1.0,0.0,6.5,1027.0,2035.0,26.56,72,0.0,0.0,Haze,12,2
2018-12-19 09:00:00,15.0,15.0,1.0,0.0,6.5,776.0,2266.0,28.46,56,0.0,0.0,Haze,9,2
2018-12-20 19:00:00,15.0,15.0,1.0,0.0,6.5,2483.0,1622.0,25.75,79,0.3,0.0,Rain,19,3
2018-12-21 06:00:00,14.0,14.0,1.0,0.0,7.0,528.0,638.0,28.22,73,0.0,0.0,Haze,6,4
2018-12-21 07:00:00,15.0,16.0,1.0,0.0,6.5,771.0,954.0,28.55,73,0.0,0.0,Haze,7,4
2018-12-20 11:00:00,15.0,15.0,1.0,0.0,6.5,943.0,2215.0,26.72,70,0.0,0.0,Haze,11,3
2018-12-21 20:00:00,15.0,16.0,1.0,0.0,6.5,1258.0,750.0,25.01,94,0.0,0.0,Haze,20,4
2018-12-21 12:00:00,15.0,16.0,1.0,0.0,6.5,1055.0,1728.0,26.94,82,0.0,0.0,Haze,12,4
2018-12-21 11:00:00,15.0,16.0,1.0,0.0,6.5,916.0,1518.0,27.03,82,0.0,0.0,Haze,11,4
2018-12-22 17:00:00,12.0,13.0,1.0,0.0,8.0,1148.0,1188.0,26.06,89,0.5,0.0,Rain,17,5
2018-12-22 11:00:00,12.0,13.0,1.0,0.0,8.0,520.0,1277.0,26.73,79,0.0,0.0,Haze,11,5
2018-12-23 20:00:00,12.0,13.0,1.0,0.0,8.0,1878.0,1269.0,23.93,93,0.0,3.5,Rain,20,6
2018-12-23 12:00:00,12.0,13.0,1.0,0.0,8.0,912.0,1737.0,24.78,91,10.8,0.0,Rain,12,6
2018-12-23 11:00:00,12.0,13.0,1.0,0.0,8.0,706.0,1691.0,24.55,91,11.1,0.0,Rain,11,6
2018-12-25 07:00:00,12.0,12.0,0.0,0.0,8.5,328.0,235.0,29.81,71,0.0,0.0,Haze,7,1
2018-12-24 12:00:00,12.0,13.0,0.0,0.0,8.5,564.0,790.0,25.4,93,0.0,0.0,Haze,12,0
2018-12-24 11:00:00,12.0,13.0,0.0,0.0,8.5,465.0,1009.0,25.16,93,0.0,0.0,Haze,11,0
2018-12-25 08:00:00,12.0,12.0,0.0,0.0,8.5,219.0,248.0,30.12,60,0.0,0.0,Haze,8,1
2018-12-26 06:00:00,14.0,14.0,0.0,0.0,7.5,246.0,1355.0,29.47,75,0.0,0.0,Haze,6,2
2018-12-26 20:00:00,15.0,16.0,0.0,0.0,7.0,1652.0,1168.0,24.24,92,0.0,0.0,Haze,20,2
2018-12-26 10:00:00,15.0,15.0,0.0,0.0,7.0,449.0,1593.0,28.27,74,0.0,0.0,Haze,10,2
2018-12-26 14:00:00,15.0,15.0,0.0,0.0,7.0,891.0,1457.0,25.98,90,0.0,0.0,Haze,14,2
2018-12-27 19:00:00,15.0,16.0,0.0,0.0,7.0,1947.0,1331.0,25.62,80,0.0,0.0,Haze,19,3
2018-12-27 11:00:00,15.0,16.0,0.0,0.0,7.0,721.0,1763.0,27.47,70,0.0,0.0,Haze,11,3
2018-12-27 12:00:00,15.0,16.0,0.0,0.0,7.0,868.0,1814.0,27.18,70,0.0,0.0,Haze,12,3
2018-12-28 06:00:00,15.0,15.0,0.0,0.0,7.0,415.0,650.0,26.03,83,0.25,0.0,Rain,6,4
2018-12-28 20:00:00,15.0,16.0,0.0,0.0,7.0,1016.0,710.0,24.76,96,0.0,0.0,Haze,20,4
2018-12-28 11:00:00,15.0,16.0,0.0,0.0,7.0,718.0,1249.0,24.67,89,0.0,0.0,Clouds,11,4
2018-12-29 20:00:00,12.0,13.0,0.0,0.0,8.5,847.0,480.0,24.6,79,0.0,0.0,Haze,20,5
2018-12-30 07:00:00,12.0,13.0,0.0,0.0,8.5,1.0,288.0,26.14,88,0.0,0.0,Clouds,7,6
2018-12-29 12:00:00,12.0,13.0,0.0,0.0,8.5,461.0,1240.0,24.35,76,2.54,0.0,Rain,12,5
2018-12-30 17:00:00,12.0,13.0,0.0,0.0,8.5,2.0,409.0,23.87,94,0.5,0.0,Rain,17,6
2018-12-30 11:00:00,12.0,13.0,0.0,0.0,8.5,364.0,1328.0,24.35,89,0.5,0.0,Rain,11,6
2019-01-01 06:00:00,9.0,12.0,0.0,0.0,8.5,181.0,29.0,28.52,61,0.0,0.0,Haze,6,1
2018-12-31 19:00:00,12.0,13.0,0.0,0.0,8.5,679.0,448.0,23.97,91,0.0,0.0,Clouds,19,0
2018-12-31 12:00:00,12.0,13.0,0.0,0.0,8.5,432.0,505.0,24.86,93,0.0,0.0,Haze,12,0
2018-12-31 10:00:00,12.0,13.0,0.0,0.0,8.5,334.0,876.0,24.93,91,0.0,4.5,Rain,10,0
2019-01-01 10:00:00,12.0,12.0,0.0,0.0,8.5,188.0,594.0,25.58,67,1.27,0.0,Haze,10,1
2019-01-02 07:00:00,15.0,15.0,0.0,0.0,7.0,468.0,2532.0,29.84,54,0.0,0.0,Clouds,7,2
2019-01-03 07:00:00,15.0,16.0,0.0,0.0,7.0,1093.0,2677.0,28.69,66,0.0,0.0,Haze,7,3
2019-01-02 11:00:00,15.0,16.0,0.0,0.0,7.0,481.0,1671.0,26.3,78,0.0,0.0,Haze,11,2
2019-01-04 06:00:00,15.0,16.0,0.0,0.0,7.0,739.0,1817.0,30.65,48,0.0,0.0,Haze,6,4
2019-01-03 11:00:00,15.0,16.0,0.0,0.0,7.0,772.0,2055.0,26.73,80,0.0,0.0,Haze,11,3
2019-01-04 08:00:00,15.0,16.0,0.0,0.0,7.0,853.0,2213.0,28.7,56,0.0,0.0,Haze,8,4
2019-01-04 13:00:00,15.0,15.0,0.0,0.0,7.0,1130.0,2424.0,26.42,67,0.0,0.0,Haze,13,4
2019-01-05 19:00:00,12.0,13.0,0.0,0.0,8.5,1501.0,908.0,25.11,90,0.0,0.0,Haze,19,5
2019-01-05 11:00:00,12.0,13.0,0.0,0.0,8.5,868.0,1590.0,26.66,86,0.0,0.0,Haze,11,5
2019-01-07 07:00:00,15.0,15.0,0.0,0.0,7.0,636.0,2857.0,28.72,48,0.0,0.0,Haze,7,0
2019-01-06 16:00:00,12.0,13.0,0.0,0.0,8.5,1003.0,941.0,25.01,84,0.0,0.0,Haze,16,6
2019-01-06 11:00:00,12.0,13.0,0.0,0.0,8.5,452.0,1394.0,26.42,70,0.0,0.0,Haze,11,6
2019-01-09 19:00:00,15.0,15.0,0.0,0.0,7.0,2842.0,1577.0,24.92,84,0.0,0.0,Haze,19,2
2019-01-09 10:00:00,15.0,16.0,0.0,0.0,7.0,879.0,2663.0,28.14,59,0.0,0.0,Haze,10,2
2019-01-10 11:00:00,15.0,16.0,0.0,0.0,7.0,969.0,2212.0,26.71,70,0.0,0.0,Haze,11,3
2019-01-10 16:00:00,15.0,16.0,0.0,0.0,7.0,2673.0,1428.0,25.81,77,0.0,0.0,Haze,16,3
2019-01-14 07:00:00,15.0,15.0,0.0,0.0,7.0,685.0,3058.0,30.3,42,0.0,0.0,Haze,7,0
2019-01-13 19:00:00,12.0,13.0,0.0,0.0,8.5,1188.0,675.0,24.3,86,0.0,0.0,Haze,19,6
2019-01-14 17:00:00,15.0,16.0,0.0,0.0,7.0,2108.0,1461.0,25.11,77,0.0,0.0,Haze,17,0
2019-01-15 05:00:00,14.0,15.0,0.0,0.0,7.0,240.0,894.0,30.11,41,0.0,0.0,Haze,5,1
2019-01-17 06:00:00,15.0,15.0,0.0,0.0,7.0,783.0,2049.0,29.12,45,0.0,0.0,Haze,6,3
2019-01-17 07:00:00,15.0,15.0,0.0,0.0,7.0,1113.0,2737.0,29.31,45,0.0,0.0,Haze,7,3
2019-01-19 16:00:00,12.0,13.0,0.0,0.0,8.5,2018.0,1237.0,25.51,76,0.0,0.0,Haze,16,5
2019-01-20 05:00:00,7.0,7.0,0.0,0.0,9.0,71.0,170.0,29.75,45,0.0,0.0,Haze,5,6
2019-01-23 06:00:00,15.0,16.0,1.0,0.0,6.5,800.0,2227.0,28.78,57,0.0,0.0,Haze,6,2
2019-01-22 08:00:00,15.0,16.0,0.0,0.0,7.0,915.0,2751.0,29.47,55,0.0,0.0,Haze,8,1
2019-01-22 19:00:00,15.0,16.0,0.0,0.0,7.0,2734.0,1595.0,25.69,74,0.0,0.0,Haze,19,1
2019-01-23 14:00:00,15.0,15.0,1.0,0.0,6.5,1629.0,2078.0,25.48,74,0.0,0.0,Haze,14,2
2019-01-24 06:00:00,15.0,15.0,1.0,0.0,6.5,825.0,2012.0,28.78,55,0.0,0.0,Haze,6,3
2019-01-24 19:00:00,15.0,15.0,1.0,0.0,6.5,2633.0,1815.0,25.81,76,0.0,0.0,Haze,19,3
2019-01-24 11:00:00,15.0,16.0,1.0,0.0,6.5,909.0,2159.0,26.98,66,0.0,0.0,Haze,11,3
2019-01-25 20:00:00,15.0,16.0,1.0,0.0,6.5,2641.0,1558.0,24.44,83,0.0,0.0,Clouds,20,4
2019-01-25 11:00:00,15.0,15.0,1.0,0.0,6.5,961.0,2362.0,26.02,63,0.0,0.0,Haze,11,4
2019-01-26 16:00:00,12.0,13.0,1.0,0.0,8.0,1976.0,1055.0,24.36,61,0.0,0.0,Haze,16,5
2019-01-27 06:00:00,12.0,12.0,1.0,0.0,8.0,218.0,409.0,27.31,53,0.0,0.0,Clouds,6,6
2019-01-28 05:00:00,11.0,11.0,0.0,0.0,8.0,115.0,806.0,26.41,72,0.0,0.0,Clouds,5,0
2019-01-27 15:00:00,12.0,13.0,1.0,0.0,8.0,913.0,706.0,24.05,75,0.0,0.0,Haze,15,6
2019-01-28 06:00:00,11.0,11.0,1.0,0.0,8.5,440.0,1976.0,25.76,72,0.0,0.0,Clouds,6,0
2019-02-01 19:00:00,15.0,15.0,0.0,0.0,7.0,2910.0,1700.0,24.48,71,0.0,0.0,Haze,19,4
2019-02-01 08:00:00,15.0,16.0,1.0,0.0,6.5,978.0,2771.0,27.41,54,0.0,0.0,Haze,8,4
2019-02-01 10:00:00,15.0,15.0,1.0,0.0,6.5,961.0,2327.0,26.89,54,0.0,0.0,Haze,10,4
2019-02-02 05:00:00,12.0,12.0,0.0,0.0,8.5,211.0,303.0,28.64,49,0.0,0.0,Haze,5,5
2019-02-02 16:00:00,12.0,13.0,0.0,0.0,8.5,2066.0,1264.0,25.11,68,0.0,0.0,Haze,16,5
2019-02-02 12:00:00,12.0,13.0,0.0,0.0,8.5,1199.0,1845.0,25.8,66,0.0,0.0,Haze,12,5
2019-02-03 16:00:00,12.0,13.0,0.0,0.0,8.5,1050.0,1034.0,25.23,79,0.0,0.0,Haze,16,6
2019-02-03 11:00:00,12.0,13.0,0.0,0.0,8.5,427.0,1423.0,26.42,70,0.0,0.0,Haze,11,6
2019-02-03 19:00:00,12.0,13.0,0.0,0.0,8.5,1119.0,693.0,24.74,79,0.0,0.0,Haze,19,6
2019-02-06 13:00:00,15.0,15.0,0.0,0.0,7.0,1189.0,2111.0,25.32,62,0.0,0.0,Haze,13,2
2019-02-06 08:00:00,14.0,14.0,0.0,0.0,7.5,963.0,2650.0,28.98,48,0.0,0.0,Haze,8,2
2019-02-06 17:00:00,15.0,15.0,0.0,0.0,7.0,2629.0,1587.0,23.4,75,0.0,0.0,Haze,17,2
2019-02-06 12:00:00,14.0,14.0,0.0,0.0,7.5,1114.0,1917.0,25.84,62,0.0,0.0,Haze,12,2
2019-02-07 08:00:00,14.0,14.0,0.0,0.0,7.5,1016.0,2705.0,29.73,40,0.0,0.0,Haze,8,3
2019-02-07 12:00:00,14.0,14.0,0.0,0.0,7.5,1039.0,2295.0,26.39,58,0.0,0.0,Haze,12,3
2019-02-07 09:00:00,14.0,15.0,0.0,0.0,7.5,800.0,2665.0,29.53,40,0.0,0.0,Haze,9,3
2019-02-08 07:00:00,14.0,14.0,0.0,0.0,7.5,1090.0,2748.0,29.77,44,0.0,0.0,Haze,7,4
2019-02-07 11:00:00,14.0,14.0,0.0,0.0,7.5,901.0,2311.0,26.57,58,0.0,0.0,Haze,11,3
2019-02-08 09:00:00,15.0,15.0,0.0,0.0,7.0,812.0,2760.0,29.57,49,0.0,0.0,Haze,9,4
2019-02-08 14:00:00,14.0,14.0,0.0,0.0,7.5,1429.0,2151.0,25.75,63,0.0,0.0,Haze,14,4
2019-02-08 12:00:00,15.0,15.0,0.0,0.0,7.0,1086.0,2020.0,26.62,58,0.0,0.0,Haze,12,4
2019-02-09 20:00:00,12.0,13.0,0.0,0.0,8.5,1158.0,716.0,24.97,78,0.0,0.0,Haze,20,5
2019-02-09 11:00:00,12.0,13.0,0.0,0.0,8.5,780.0,1577.0,27.31,58,0.0,0.0,Haze,11,5
2019-02-10 20:00:00,12.0,13.0,0.0,0.0,8.5,1010.0,601.0,24.61,84,0.0,0.0,Haze,20,6
2019-02-10 12:00:00,12.0,13.0,0.0,0.0,8.5,430.0,1070.0,26.6,65,0.0,0.0,Haze,12,6
2019-02-10 10:00:00,12.0,13.0,0.0,0.0,8.5,342.0,1150.0,27.45,55,0.0,0.0,Haze,10,6
2019-02-11 18:00:00,15.0,15.0,0.0,0.0,7.0,2771.0,1461.0,24.81,68,0.0,0.0,Haze,18,0
2019-02-11 09:00:00,15.0,15.0,0.0,0.0,7.0,601.0,2703.0,29.13,44,0.0,0.0,Haze,9,0
2019-02-11 16:00:00,15.0,15.0,0.0,0.0,7.0,2166.0,1249.0,25.44,61,0.0,0.0,Haze,16,0
2019-02-11 12:00:00,15.0,16.0,0.0,0.0,7.0,855.0,2018.0,26.64,57,0.0,0.0,Haze,12,0
2019-02-11 10:00:00,15.0,16.0,0.0,0.0,7.0,671.0,2502.0,28.39,44,0.0,0.0,Haze,10,0
2019-02-13 06:00:00,14.0,14.0,0.0,0.0,7.5,719.0,1936.0,26.32,88,0.5,0.0,Rain,6,2
2019-02-13 07:00:00,15.0,15.0,0.0,0.0,7.0,1167.0,2767.0,25.29,88,0.5,0.0,Rain,7,2
2019-02-12 19:00:00,15.0,15.0,0.0,0.0,7.0,2733.0,1346.0,25.08,78,0.0,0.0,Haze,19,1
2019-02-12 12:00:00,15.0,15.0,0.0,0.0,7.0,1000.0,1918.0,27.1,59,0.0,0.0,Haze,12,1
2019-02-19 14:00:00,15.0,15.0,0.0,0.0,7.0,1499.0,1693.0,25.65,60,0.0,0.0,Haze,14,1
2019-02-19 10:00:00,15.0,15.0,0.0,0.0,7.0,796.0,2361.0,28.44,50,0.0,0.0,Haze,10,1
2019-02-20 06:00:00,15.0,15.0,0.0,0.0,7.0,791.0,1940.0,30.49,39,0.0,0.0,Haze,6,2
2019-02-19 15:00:00,15.0,15.0,0.0,0.0,7.0,1961.0,1346.0,25.59,60,0.0,0.0,Haze,15,1
2019-02-20 18:00:00,15.0,15.0,0.0,0.0,7.0,2428.0,1380.0,24.13,76,0.0,0.0,Haze,18,2
2019-02-20 12:00:00,15.0,15.0,0.0,0.0,7.0,981.0,1357.0,26.26,60,0.0,0.0,Haze,12,2
2019-02-20 16:00:00,15.0,15.0,0.0,0.0,7.0,2450.0,1467.0,25.07,68,0.0,0.0,Haze,16,2
2019-02-20 10:00:00,15.0,15.0,0.0,0.0,7.0,914.0,2408.0,28.19,43,0.0,0.0,Haze,10,2
2019-02-21 19:00:00,15.0,16.0,0.0,0.0,7.0,2628.0,1854.0,24.51,67,0.0,0.0,Haze,19,3
2019-02-22 06:00:00,15.0,15.0,0.0,0.0,7.0,781.0,1868.0,30.78,52,0.0,0.0,Haze,6,4
2019-02-22 18:00:00,15.0,15.0,0.0,0.0,7.0,3173.0,1870.0,24.51,72,5.08,0.0,Rain,18,4
2019-02-22 08:00:00,15.0,15.0,0.0,0.0,7.0,988.0,2967.0,29.11,54,0.0,0.0,Haze,8,4
2019-02-23 19:00:00,12.0,13.0,0.0,0.0,8.5,1682.0,1032.0,23.96,79,5.08,0.0,Haze,19,5
2019-02-23 10:00:00,12.0,13.0,0.0,0.0,8.5,783.0,1639.0,27.86,47,0.0,0.0,Haze,10,5
2019-02-23 12:00:00,12.0,13.0,0.0,0.0,8.5,1069.0,1810.0,26.11,61,0.0,0.0,Haze,12,5
2019-02-24 19:00:00,12.0,13.0,0.0,0.0,8.5,1236.0,646.0,24.09,76,0.0,0.0,Haze,19,6
2019-02-24 12:00:00,12.0,13.0,0.0,0.0,8.5,458.0,1248.0,26.53,58,0.0,0.0,Haze,12,6
2019-02-24 10:00:00,12.0,13.0,0.0,0.0,8.5,381.0,1340.0,29.06,45,0.0,0.0,Haze,10,6
2019-02-26 05:00:00,7.0,7.0,0.0,0.0,7.5,217.0,990.0,29.41,53,5.08,0.0,Haze,5,1
2019-02-25 11:00:00,12.0,13.0,0.0,0.0,8.5,440.0,1554.0,26.75,60,5.08,0.0,Rain,11,0
2019-02-25 10:00:00,12.0,13.0,0.0,0.0,8.5,393.0,1286.0,28.93,50,5.08,0.0,Rain,10,0
2019-02-27 07:00:00,15.0,15.0,0.0,0.0,7.0,1109.0,2687.0,29.17,42,5.08,0.0,Rain,7,2
2019-02-27 05:00:00,14.0,14.0,0.0,0.0,7.5,257.0,862.0,29.62,42,5.08,0.0,Rain,5,2
2019-02-26 20:00:00,15.0,15.0,0.0,0.0,7.0,2504.0,1676.0,23.44,83,0.0,0.0,Haze,20,1
2019-02-27 17:00:00,15.0,15.0,0.0,0.0,7.0,2784.0,1665.0,24.76,70,0.0,0.0,Haze,17,2
2019-02-27 09:00:00,15.0,15.0,0.0,0.0,7.0,862.0,2803.0,28.02,54,5.08,0.0,Rain,9,2
2019-02-28 07:00:00,15.0,15.0,0.0,0.0,7.0,1201.0,2841.0,29.67,56,0.0,0.0,Haze,7,3
2019-03-01 07:00:00,14.0,14.0,0.0,0.0,7.5,1109.0,2539.0,29.6,50,5.08,0.0,Rain,7,4
2019-02-28 20:00:00,15.0,15.0,0.0,0.0,7.0,2735.0,1361.0,23.36,82,0.0,0.0,Haze,20,3
2019-03-01 20:00:00,15.0,15.0,0.0,0.0,7.0,2457.0,1501.0,23.75,83,0.0,0.0,Haze,20,4
2019-03-01 19:00:00,15.0,15.0,0.0,0.0,7.0,3002.0,1756.0,24.66,76,0.0,0.0,Haze,19,4
2019-03-02 18:00:00,12.0,13.0,0.0,0.0,8.5,1473.0,1156.0,23.88,73,0.0,0.0,Haze,18,5
2019-03-02 12:00:00,12.0,13.0,0.0,0.0,8.5,1061.0,1791.0,26.75,52,5.08,0.0,Haze,12,5
2019-03-03 15:00:00,12.0,13.0,0.0,0.0,8.5,869.0,800.0,25.93,74,0.0,0.0,Haze,15,6
2019-03-04 05:00:00,7.0,7.0,0.0,0.0,8.5,0.0,0.0,31.61,48,0.0,0.0,Haze,5,0
2019-03-04 06:00:00,13.0,14.0,0.0,0.0,8.0,406.0,1482.0,31.69,48,0.0,0.0,Haze,6,0
2019-03-03 10:00:00,12.0,12.0,0.0,0.0,8.5,376.0,1295.0,30.2,43,0.0,0.0,Haze,10,6
2019-03-04 17:00:00,15.0,15.0,0.0,0.0,7.0,2574.0,1359.0,26.36,68,0.0,0.0,Haze,17,0
2019-03-04 08:00:00,14.0,14.0,0.0,0.0,7.5,593.0,2233.0,31.98,49,0.0,0.0,Haze,8,0
2019-03-05 05:00:00,9.0,9.0,0.0,0.0,7.5,242.0,659.0,31.41,50,0.0,0.0,Haze,5,1
2019-03-06 07:00:00,14.0,14.0,0.0,0.0,7.5,961.0,2175.0,31.66,48,0.0,0.0,Haze,7,2
2019-03-05 10:00:00,13.0,13.0,0.0,0.0,8.0,829.0,2329.0,28.49,56,5.08,0.0,Rain,10,1
2019-03-06 05:00:00,13.0,14.0,0.0,0.0,7.0,242.0,753.0,31.89,48,0.0,0.0,Haze,5,2
2019-03-06 13:00:00,14.0,14.0,0.0,0.0,7.5,1158.0,1935.0,27.57,62,5.08,0.0,Rain,13,2
2019-03-06 12:00:00,14.0,14.0,0.0,0.0,7.5,981.0,2034.0,27.89,62,5.08,0.0,Rain,12,2
2019-03-08 07:00:00,15.0,15.0,1.0,0.0,6.5,556.0,2310.0,31.56,49,0.0,0.0,Haze,7,4
2019-03-08 06:00:00,15.0,15.0,1.0,0.0,6.5,880.0,2021.0,31.07,49,0.0,0.0,Haze,6,4
2019-03-07 11:00:00,14.0,14.0,0.0,0.0,7.5,836.0,2354.0,27.57,61,5.08,0.0,Rain,11,3
2019-03-07 17:00:00,15.0,15.0,0.0,0.0,7.0,2526.0,1533.0,26.11,64,0.0,0.0,Haze,17,3
2019-03-08 05:00:00,9.0,9.0,0.0,0.0,7.5,31.0,265.0,31.75,49,0.0,0.0,Haze,5,4
2019-03-08 09:00:00,15.0,15.0,1.0,0.0,6.5,935.0,1784.0,30.5,38,5.08,0.0,Rain,9,4
2019-03-08 17:00:00,15.0,15.0,1.0,0.0,6.5,1491.0,1022.0,25.53,62,0.0,0.0,Haze,17,4
2019-03-11 20:00:00,14.0,14.0,1.0,0.0,7.0,2273.0,1426.0,24.98,78,0.0,0.0,Haze,20,0
2019-03-11 11:00:00,15.0,15.0,1.0,0.0,6.5,753.0,2124.0,27.48,70,0.0,0.0,Haze,11,0
2019-03-12 06:00:00,14.0,14.0,0.0,0.0,7.5,922.0,2089.0,32.03,52,0.0,0.0,Haze,6,1
2019-03-12 08:00:00,14.0,14.0,0.0,0.0,7.5,892.0,2523.0,31.42,54,0.0,0.0,Haze,8,1
2019-03-12 12:00:00,14.0,14.0,0.0,0.0,7.5,955.0,2174.0,27.97,79,0.0,0.0,Haze,12,1
2019-03-13 17:00:00,14.0,14.0,0.0,0.0,7.5,2533.0,1550.0,26.31,62,0.0,0.0,Haze,17,2
2019-03-14 05:00:00,10.0,11.0,0.0,0.0,7.0,361.0,690.0,32.11,51,0.0,0.0,Haze,5,3
2019-03-13 13:00:00,15.0,15.0,0.0,0.0,7.0,1070.0,1935.0,27.82,48,0.0,0.0,Clouds,13,2
2019-03-14 06:00:00,15.0,15.0,0.0,0.0,7.0,817.0,2226.0,32.22,51,0.0,0.0,Haze,6,3
2019-03-17 11:00:00,12.0,13.0,0.0,0.0,8.5,402.0,1407.0,28.05,55,0.0,0.0,Haze,11,6
2019-03-17 19:00:00,12.0,13.0,0.0,0.0,8.5,1145.0,796.0,25.74,72,0.0,0.0,Haze,19,6
2019-03-18 06:00:00,15.0,15.0,0.0,0.0,7.0,431.0,2135.0,32.35,37,0.0,0.0,Haze,6,0
2019-03-18 12:00:00,15.0,15.0,0.0,0.0,7.0,952.0,1975.0,27.63,60,5.08,0.0,Haze,12,0
2019-03-19 07:00:00,15.0,15.0,0.0,0.0,7.0,1080.0,2608.0,32.35,40,0.0,0.0,Haze,7,1
2019-03-18 08:00:00,15.0,15.0,0.0,0.0,7.0,680.0,2753.0,31.26,41,0.0,0.0,Haze,8,0
2019-03-18 17:00:00,14.0,14.0,0.0,0.0,7.5,2435.0,1614.0,25.68,75,0.0,0.0,Haze,17,0
2019-03-19 17:00:00,15.0,15.0,0.0,0.0,7.0,2619.0,1706.0,26.22,76,0.0,0.0,Haze,17,1
2019-03-20 05:00:00,12.0,12.0,0.0,0.0,7.5,326.0,803.0,33.09,34,0.0,0.0,Haze,5,2
2019-03-20 20:00:00,15.0,15.0,0.0,0.0,7.0,2744.0,1313.0,25.33,75,0.0,0.0,Haze,20,2
2019-03-21 05:00:00,12.0,14.0,0.0,0.0,7.0,328.0,891.0,32.52,41,0.0,0.0,Haze,5,3
2019-03-21 06:00:00,15.0,15.0,0.0,0.0,7.0,867.0,1940.0,32.77,41,0.0,0.0,Haze,6,3
2019-03-22 17:00:00,15.0,15.0,0.0,0.0,7.0,2397.0,1669.0,26.38,66,0.0,0.0,Haze,17,4
2019-03-22 18:00:00,15.0,15.0,0.0,0.0,7.0,2814.0,1551.0,26.05,66,0.0,0.0,Haze,18,4
2019-03-23 08:00:00,12.0,12.0,0.0,0.0,8.5,765.0,1408.0,30.64,53,0.0,0.0,Haze,8,5
2019-03-24 06:00:00,12.0,12.0,0.0,0.0,8.5,262.0,474.0,32.6,30,0.0,0.0,Haze,6,6
2019-03-25 06:00:00,13.0,14.0,0.0,0.0,8.0,457.0,1982.0,31.26,53,0.0,0.0,Haze,6,0
2019-03-24 11:00:00,12.0,12.0,0.0,0.0,8.5,371.0,1464.0,27.99,47,0.0,0.0,Haze,11,6
2019-03-26 05:00:00,14.0,14.0,0.0,0.0,7.5,314.0,806.0,32.34,44,0.0,0.0,Haze,5,1
2019-03-25 21:00:00,15.0,15.0,0.0,0.0,7.0,2032.0,931.0,24.92,77,0.0,0.0,Haze,21,0
2019-03-26 17:00:00,15.0,15.0,0.0,0.0,7.0,2554.0,1390.0,27.3,57,0.0,0.0,Haze,17,1
2019-03-27 05:00:00,9.0,12.0,0.0,0.0,7.5,359.0,823.0,31.84,43,0.0,0.0,Haze,5,2
2019-03-27 18:00:00,14.0,14.0,0.0,0.0,7.5,2571.0,1568.0,26.81,62,0.0,0.0,Haze,18,2
2019-03-27 19:00:00,14.0,14.0,0.0,0.0,7.5,2452.0,1591.0,26.81,62,0.0,0.0,Haze,19,2
2019-03-28 05:00:00,12.0,13.0,0.0,0.0,8.0,358.0,778.0,32.51,56,0.0,0.0,Haze,5,3
2019-03-27 12:00:00,15.0,15.0,0.0,0.0,7.0,1109.0,2045.0,28.13,52,0.0,0.0,Haze,12,2
2019-03-29 05:00:00,9.0,9.0,0.0,0.0,8.5,350.0,744.0,33.09,47,0.0,0.0,Haze,5,4
2019-03-28 12:00:00,15.0,15.0,0.0,0.0,7.0,938.0,1911.0,28.94,62,0.0,0.0,Haze,12,3
2019-03-30 15:00:00,12.0,13.0,0.0,0.0,8.5,1574.0,1255.0,27.08,65,0.0,0.0,Haze,15,5
2019-03-30 13:00:00,12.0,13.0,0.0,0.0,8.5,1095.0,1529.0,27.94,63,0.0,0.0,Haze,13,5
2019-04-01 07:00:00,15.0,16.0,0.0,0.0,7.0,652.0,2620.0,32.27,52,0.0,0.0,Haze,7,0
2019-03-31 14:00:00,12.0,13.0,0.0,0.0,8.5,727.0,1001.0,27.76,59,0.0,0.0,Haze,14,6
2019-04-01 05:00:00,8.0,8.0,0.0,0.0,7.0,146.0,765.0,32.85,52,0.0,0.0,Haze,5,0
2019-03-31 12:00:00,12.0,13.0,0.0,0.0,8.5,532.0,1093.0,28.66,56,0.0,0.0,Haze,12,6
2019-04-01 17:00:00,15.0,15.0,0.0,0.0,7.0,2742.0,1450.0,26.24,75,0.0,0.0,Haze,17,0
2019-04-01 15:00:00,15.0,15.0,0.0,0.0,7.0,1919.0,1338.0,26.81,63,0.0,0.0,Haze,15,0
2019-04-02 05:00:00,11.0,12.0,0.0,0.0,7.5,355.0,784.0,32.51,47,0.0,0.0,Haze,5,1
2019-04-02 12:00:00,15.0,15.0,0.0,0.0,7.0,1021.0,1904.0,28.49,66,0.0,0.0,Haze,12,1
2019-04-02 18:00:00,16.0,16.0,0.0,0.0,7.0,2759.0,1280.0,26.72,62,0.0,0.0,Haze,18,1
2019-04-03 05:00:00,8.0,10.0,0.0,0.0,8.0,352.0,768.0,32.41,50,0.0,0.0,Haze,5,2
2019-04-03 06:00:00,14.0,14.0,0.0,0.0,7.5,882.0,2227.0,32.33,50,0.0,0.0,Haze,6,2
2019-04-03 13:00:00,14.0,14.0,0.0,0.0,7.5,1076.0,1938.0,28.64,49,0.0,0.0,Haze,13,2
2019-04-03 11:00:00,14.0,14.0,0.0,0.0,7.5,847.0,2234.0,29.14,49,0.0,0.0,Haze,11,2
2019-04-03 12:00:00,14.0,14.0,0.0,0.0,7.5,1032.0,1786.0,28.97,49,0.0,0.0,Haze,12,2
2019-04-04 09:00:00,15.0,15.0,0.0,0.0,7.0,800.0,2697.0,32.06,42,0.0,0.0,Haze,9,3
2019-04-05 05:00:00,8.0,8.0,0.0,0.0,9.0,354.0,758.0,33.4,51,0.0,0.0,Haze,5,4
2019-04-04 08:00:00,13.0,13.0,0.0,0.0,8.0,923.0,2677.0,32.5,42,0.0,0.0,Haze,8,3
2019-04-06 06:00:00,12.0,13.0,0.0,0.0,8.5,662.0,957.0,33.95,48,0.0,0.0,Haze,6,5
2019-04-05 10:00:00,14.0,14.0,0.0,0.0,7.5,848.0,1902.0,32.52,44,0.0,0.0,Haze,10,4
2019-04-05 11:00:00,14.0,14.0,0.0,0.0,7.5,860.0,2226.0,30.29,59,0.0,0.0,Haze,11,4
2019-04-07 15:00:00,12.0,12.0,0.0,0.0,8.5,795.0,693.0,28.88,67,0.0,0.0,Haze,15,6
2019-04-07 11:00:00,12.0,13.0,0.0,0.0,8.5,388.0,1223.0,30.38,57,0.0,0.0,Haze,11,6
2019-04-08 13:00:00,15.0,15.0,0.0,0.0,7.0,1025.0,1725.0,29.47,47,0.0,0.0,Haze,13,0
2019-04-09 05:00:00,11.0,12.0,0.0,0.0,9.0,295.0,480.0,33.25,50,0.0,0.0,Haze,5,1
2019-04-08 11:00:00,15.0,15.0,0.0,0.0,7.0,869.0,2244.0,30.07,47,0.0,0.0,Haze,11,0
2019-04-08 10:00:00,14.0,14.0,0.0,0.0,7.5,664.0,1848.0,32.0,39,0.0,0.0,Haze,10,0
2019-04-09 12:00:00,12.0,13.0,0.0,0.0,8.5,607.0,1323.0,29.43,62,0.0,0.0,Haze,12,1
2019-04-10 05:00:00,13.0,13.0,0.0,0.0,8.0,370.0,901.0,33.91,56,0.0,0.0,Haze,5,2
2019-04-09 18:00:00,12.0,13.0,0.0,0.0,8.5,1181.0,1005.0,27.07,80,0.0,0.0,Haze,18,1
2019-04-09 11:00:00,12.0,13.0,0.0,0.0,8.5,550.0,1459.0,29.89,62,0.0,0.0,Haze,11,1
2019-04-11 08:00:00,15.0,15.0,0.0,0.0,7.0,861.0,2737.0,32.69,53,0.0,0.0,Haze,8,3
2019-04-12 05:00:00,12.0,13.0,0.0,0.0,8.0,355.0,674.0,32.74,78,0.22,0.0,Thunderstorm,5,4
2019-04-12 06:00:00,14.0,14.0,0.0,0.0,7.5,877.0,2107.0,32.65,78,0.51,0.0,Thunderstorm,6,4
2019-04-12 08:00:00,15.0,15.0,0.0,0.0,7.0,901.0,2840.0,31.18,62,0.0,0.0,Haze,8,4
2019-04-13 06:00:00,12.0,12.0,0.0,0.0,8.5,612.0,950.0,34.81,42,0.0,0.0,Haze,6,5
2019-04-12 17:00:00,15.0,15.0,0.0,0.0,7.0,2868.0,1746.0,28.37,78,0.0,0.0,Haze,17,4
2019-04-12 11:00:00,15.0,15.0,0.0,0.0,7.0,968.0,1919.0,30.03,76,0.0,0.0,Haze,11,4
2019-04-13 19:00:00,12.0,12.0,0.0,0.0,8.5,1681.0,833.0,27.83,78,0.0,0.0,Thunderstorm,19,5
2019-04-13 11:00:00,12.0,13.0,0.0,0.0,8.5,819.0,1597.0,30.57,65,0.0,0.0,Thunderstorm,11,5
2019-04-13 09:00:00,12.0,12.0,0.0,0.0,8.5,693.0,1576.0,33.7,49,0.0,0.0,Clouds,9,5
2019-04-22 07:00:00,16.0,16.0,0.0,0.0,6.5,547.0,2366.0,34.66,45,0.0,0.0,Haze,7,0
2019-04-22 05:00:00,7.0,7.0,0.0,0.0,8.0,104.0,776.0,34.69,45,0.0,0.0,Haze,5,0
2019-04-24 20:00:00,15.0,15.0,0.0,0.0,7.0,2543.0,1241.0,27.69,63,0.0,0.0,Haze,20,2
2019-04-25 05:00:00,7.0,7.0,0.0,0.0,8.0,300.0,605.0,35.24,30,0.0,0.0,Haze,5,3
2019-04-24 10:00:00,16.0,16.0,0.0,0.0,7.0,794.0,2043.0,32.85,43,0.0,0.0,Haze,10,2
2019-04-27 19:00:00,12.0,13.0,0.0,0.0,8.5,1359.0,1065.0,26.87,64,0.0,0.0,Haze,19,5
2019-04-27 13:00:00,12.0,12.0,0.0,0.0,8.5,1134.0,1423.0,29.11,53,0.0,0.0,Haze,13,5
2019-04-27 08:00:00,12.0,13.0,0.0,0.0,8.5,677.0,1370.0,33.03,38,0.0,0.0,Haze,8,5
2019-04-29 05:00:00,11.0,11.0,0.0,0.0,8.0,141.0,881.0,33.15,52,0.0,0.0,Haze,5,0
2019-04-28 18:00:00,13.0,13.0,0.0,0.0,8.5,903.0,704.0,28.32,56,0.0,0.0,Haze,18,6
2019-04-28 12:00:00,13.0,13.0,0.0,0.0,8.5,464.0,1124.0,29.53,61,0.0,0.0,Haze,12,6
2019-04-28 10:00:00,13.0,13.0,0.0,0.0,8.5,367.0,1129.0,31.2,56,0.0,0.0,Haze,10,6
2019-04-29 06:00:00,15.0,15.0,0.0,0.0,7.0,431.0,2139.0,33.35,52,0.0,0.0,Haze,6,0
2019-04-30 07:00:00,14.0,15.0,0.0,0.0,7.5,974.0,2573.0,34.63,33,0.0,0.0,Haze,7,1
2019-04-30 05:00:00,13.0,13.0,0.0,0.0,7.0,329.0,657.0,34.15,33,0.0,0.0,Haze,5,1
2019-04-29 20:00:00,15.0,15.0,0.0,0.0,7.0,2235.0,1267.0,26.86,69,0.0,0.0,Haze,20,0
2019-05-01 07:00:00,12.0,13.0,0.0,0.0,8.5,750.0,694.0,34.29,44,0.0,0.0,Haze,7,2
2019-04-30 12:00:00,15.0,16.0,0.0,0.0,7.0,1057.0,1906.0,30.03,63,0.0,0.0,Haze,12,1
2019-04-30 19:00:00,15.0,15.0,0.0,0.0,7.0,2534.0,1685.0,27.66,70,0.0,0.0,Haze,19,1
2019-04-30 15:00:00,15.0,16.0,0.0,0.0,7.0,1780.0,1479.0,28.82,66,0.0,0.0,Haze,15,1
2019-05-02 06:00:00,15.0,15.0,0.0,0.0,7.0,722.0,2144.0,34.16,52,0.0,0.0,Haze,6,3
2019-05-01 08:00:00,12.0,13.0,0.0,0.0,8.5,576.0,906.0,32.58,47,0.0,0.0,Haze,8,2
2019-05-01 12:00:00,12.0,13.0,0.0,0.0,8.5,584.0,1284.0,30.2,66,0.0,0.0,Thunderstorm,12,2
2019-05-01 10:00:00,12.0,13.0,0.0,0.0,8.5,575.0,1192.0,31.2,67,0.0,0.0,Haze,10,2
2019-05-02 13:00:00,15.0,15.0,0.0,0.0,7.0,1115.0,1820.0,29.76,74,0.14,0.0,Thunderstorm,13,3
2019-05-03 06:00:00,14.0,14.0,0.0,0.0,7.5,730.0,1675.0,33.67,45,0.0,0.0,Haze,6,4
2019-05-03 05:00:00,11.0,11.0,0.0,0.0,8.0,310.0,649.0,33.73,45,0.0,0.0,Haze,5,4
2019-05-03 16:00:00,15.0,15.0,0.0,0.0,7.0,1932.0,709.0,29.19,71,0.0,0.0,Haze,16,4
2019-05-04 06:00:00,12.0,12.0,0.0,0.0,8.5,587.0,899.0,32.43,51,0.0,0.0,Haze,6,5
2019-05-03 12:00:00,15.0,15.0,0.0,0.0,7.0,1060.0,2342.0,30.2,67,0.0,0.0,Haze,12,4
2019-05-03 11:00:00,15.0,15.0,0.0,0.0,7.0,878.0,2017.0,30.0,67,0.0,0.0,Haze,11,4
2019-05-04 17:00:00,12.0,13.0,0.0,0.0,8.5,1448.0,1013.0,28.1,73,0.0,0.0,Haze,17,5
2019-05-05 05:00:00,10.0,11.0,0.0,0.0,8.5,97.0,182.0,32.64,51,0.0,0.0,Haze,5,6
2019-05-04 10:00:00,12.0,12.0,0.0,0.0,8.5,693.0,1396.0,30.88,54,0.0,0.0,Haze,10,5
2019-05-05 17:00:00,12.0,13.0,0.0,0.0,8.5,876.0,789.0,28.5,75,0.0,0.0,Haze,17,6
2019-05-06 06:00:00,15.0,15.0,0.0,0.0,7.0,417.0,2213.0,29.41,75,0.5,0.0,Rain,6,0
2019-05-05 12:00:00,12.0,13.0,0.0,0.0,8.5,476.0,1140.0,29.11,74,0.0,0.0,Haze,12,6
2019-05-06 05:00:00,13.0,14.0,0.0,0.0,7.0,144.0,962.0,29.42,75,0.37,0.0,Rain,5,0
2019-05-05 19:00:00,12.0,13.0,0.0,0.0,8.5,1069.0,691.0,28.4,75,0.0,0.0,Haze,19,6
2019-05-05 11:00:00,12.0,13.0,0.0,0.0,8.5,362.0,1340.0,29.38,74,0.0,0.0,Haze,11,6
2019-05-05 10:00:00,12.0,13.0,0.0,0.0,8.5,299.0,1088.0,30.26,60,0.0,0.0,Clouds,10,6
2019-05-06 12:00:00,15.0,16.0,0.0,0.0,7.0,483.0,946.0,27.87,79,0.0,0.0,Haze,12,0
2019-05-07 07:00:00,15.0,15.0,0.0,0.0,7.0,995.0,2706.0,28.54,73,0.0,0.0,Haze,7,1
2019-05-06 10:00:00,15.0,16.0,0.0,0.0,7.0,589.0,2353.0,28.26,77,0.25,0.0,Rain,10,0
2019-05-07 09:00:00,15.0,15.0,0.0,0.0,7.0,759.0,2827.0,28.75,77,0.0,0.0,Haze,9,1
2019-05-07 12:00:00,15.0,15.0,0.0,0.0,7.0,874.0,1858.0,28.19,80,0.0,0.0,Haze,12,1
2019-05-07 11:00:00,15.0,15.0,0.0,0.0,7.0,815.0,2082.0,28.16,80,0.0,0.0,Haze,11,1
2019-05-07 10:00:00,15.0,15.0,0.0,0.0,7.0,767.0,2089.0,28.4,77,0.0,0.0,Haze,10,1
2019-05-08 08:00:00,14.0,14.0,0.0,0.0,7.5,847.0,2460.0,31.07,62,0.0,0.0,Haze,8,2
2019-05-09 07:00:00,14.0,15.0,0.0,0.0,7.0,950.0,2617.0,32.39,56,0.0,0.0,Haze,7,3
2019-05-09 19:00:00,15.0,15.0,0.0,0.0,7.0,2538.0,1549.0,26.28,91,1.07,0.0,Rain,19,3
2019-05-10 07:00:00,14.0,14.0,0.0,0.0,7.5,908.0,2306.0,32.17,57,0.0,0.0,Haze,7,4
2019-05-10 06:00:00,13.0,13.0,0.0,0.0,8.0,764.0,1801.0,32.38,57,0.0,0.0,Haze,6,4
2019-05-09 12:00:00,15.0,15.0,0.0,0.0,7.0,1005.0,2104.0,29.05,77,0.78,0.0,Thunderstorm,12,3
2019-05-09 11:00:00,15.0,15.0,0.0,0.0,7.0,804.0,1953.0,29.14,77,0.52,0.0,Thunderstorm,11,3
2019-05-09 10:00:00,15.0,15.0,0.0,0.0,7.0,824.0,2054.0,29.67,69,0.0,0.0,Haze,10,3
2019-05-10 13:00:00,15.0,15.0,0.0,0.0,7.0,1307.0,1951.0,28.74,80,0.0,0.0,Haze,13,4
2019-05-10 17:00:00,15.0,15.0,0.0,0.0,7.0,2394.0,1435.0,27.41,79,0.0,0.0,Haze,17,4
2019-05-10 12:00:00,15.0,15.0,0.0,0.0,7.0,1059.0,2193.0,28.65,80,0.0,0.0,Haze,12,4
2019-05-12 05:00:00,10.0,11.0,0.0,0.0,9.0,89.0,118.0,30.63,58,0.0,0.0,Haze,5,6
2019-05-11 08:00:00,12.0,12.0,0.0,0.0,8.5,684.0,1429.0,29.71,74,0.0,0.0,Haze,8,5
2019-05-12 06:00:00,12.0,12.0,0.0,0.0,8.5,206.0,426.0,32.38,58,0.0,0.0,Haze,6,6
2019-05-11 12:00:00,12.0,12.0,0.0,0.0,8.5,1000.0,1476.0,28.43,72,0.0,0.0,Haze,12,5
2019-05-11 10:00:00,12.0,12.0,0.0,0.0,8.5,646.0,1217.0,28.52,74,0.0,0.0,Haze,10,5
2019-05-12 20:00:00,12.0,12.0,0.0,0.0,8.5,1010.0,443.0,26.98,88,0.0,0.0,Haze,20,6
2019-05-12 18:00:00,12.0,13.0,0.0,0.0,8.5,815.0,680.0,27.78,84,0.0,0.0,Haze,18,6
2019-05-13 06:00:00,12.0,12.0,0.0,0.0,8.5,189.0,422.0,34.65,43,0.0,0.0,Haze,6,0
2019-05-12 14:00:00,12.0,12.0,0.0,0.0,8.5,611.0,692.0,28.22,82,0.0,0.0,Haze,14,6
2019-05-12 11:00:00,12.0,12.0,0.0,0.0,8.5,342.0,1183.0,28.74,77,0.0,0.0,Haze,11,6
2019-05-12 10:00:00,12.0,12.0,0.0,0.0,8.5,293.0,1067.0,29.48,83,0.0,0.0,Clouds,10,6
2019-05-14 06:00:00,14.0,14.0,0.0,0.0,7.5,632.0,2226.0,35.27,44,0.0,0.0,Haze,6,1
2019-05-13 20:00:00,12.0,12.0,0.0,0.0,8.5,913.0,865.0,27.68,82,0.0,0.0,Haze,20,0
2019-05-13 10:00:00,12.0,12.0,0.0,0.0,8.5,299.0,937.0,31.01,61,0.0,0.0,Haze,10,0
2019-05-14 08:00:00,15.0,15.0,0.0,0.0,7.0,775.0,2489.0,33.41,58,0.0,0.0,Haze,8,1
2019-05-15 07:00:00,15.0,15.0,0.0,0.0,7.0,956.0,2713.0,34.68,50,0.0,0.0,Haze,7,2
2019-05-14 11:00:00,14.0,14.0,0.0,0.0,7.5,791.0,2225.0,30.85,63,0.0,0.0,Haze,11,1
2019-05-15 16:00:00,14.0,14.0,0.0,0.0,7.5,2289.0,1197.0,28.62,82,0.0,0.0,Haze,16,2
2019-05-15 12:00:00,14.0,14.0,0.0,0.0,7.5,1046.0,2051.0,27.2,82,0.0,0.0,Clouds,12,2
2019-05-16 05:00:00,11.0,11.0,0.0,0.0,8.0,329.0,660.0,35.56,45,0.0,0.0,Clouds,5,3
2019-05-16 17:00:00,15.0,15.0,0.0,0.0,7.0,2512.0,1299.0,29.01,79,0.0,0.0,Clouds,17,3
2019-05-17 05:00:00,7.0,7.0,0.0,0.0,8.0,321.0,701.0,30.93,75,0.0,0.0,Clouds,5,4
2019-05-16 12:00:00,15.0,15.0,0.0,0.0,7.0,1045.0,1829.0,30.21,75,0.0,0.0,Clouds,12,3
2019-05-16 10:00:00,15.0,15.0,0.0,0.0,7.0,750.0,2229.0,31.19,75,0.0,0.0,Clouds,10,3
2019-05-17 10:00:00,14.0,14.0,0.0,0.0,7.5,795.0,2120.0,30.23,71,0.0,0.0,Clouds,10,4
2019-05-18 07:00:00,11.0,11.0,0.0,0.0,9.0,714.0,1156.0,33.3,63,0.0,0.0,Clouds,7,5
2019-05-19 05:00:00,11.0,11.0,0.0,0.0,8.5,89.0,178.0,34.14,56,0.0,0.0,Clouds,5,6
2019-05-19 07:00:00,12.0,12.0,0.0,0.0,8.5,293.0,543.0,33.28,67,0.0,0.0,Clouds,7,6
2019-05-19 06:00:00,12.0,12.0,0.0,0.0,8.5,189.0,378.0,34.03,60,0.0,0.0,Clouds,6,6
2019-05-19 19:00:00,12.0,13.0,0.0,0.0,8.5,1152.0,712.0,28.43,79,0.0,0.0,Clouds,19,6
2019-05-20 05:00:00,10.0,12.0,0.0,0.0,7.0,136.0,770.0,33.68,59,0.0,0.0,Haze,5,0
2019-05-20 06:00:00,15.0,15.0,0.0,0.0,7.0,430.0,2215.0,33.65,59,0.0,0.0,Haze,6,0
2019-05-19 17:00:00,12.0,12.0,0.0,0.0,8.5,968.0,892.0,28.91,84,0.0,0.0,Thunderstorm,17,6
2019-05-19 12:00:00,12.0,12.0,0.0,0.0,8.5,492.0,1057.0,30.25,75,0.0,0.0,Clouds,12,6
2019-05-19 11:00:00,12.0,13.0,0.0,0.0,8.5,406.0,1364.0,30.42,75,0.0,0.0,Clouds,11,6
2019-05-19 10:00:00,12.0,13.0,0.0,0.0,8.5,367.0,1102.0,30.8,75,0.0,0.0,Clouds,10,6
2019-05-20 19:00:00,15.0,15.0,0.0,0.0,7.0,2187.0,1322.0,28.86,88,0.0,0.0,Haze,19,0
2019-05-20 16:00:00,14.0,14.0,0.0,0.0,7.5,2181.0,1123.0,29.36,85,0.0,0.2,Haze,16,0
2019-05-20 20:00:00,15.0,15.0,0.0,0.0,7.0,2516.0,1156.0,28.29,79,0.0,0.0,Clouds,20,0
2019-05-20 18:00:00,14.0,14.0,0.0,0.0,7.5,2731.0,1579.0,28.83,88,0.0,0.0,Haze,18,0
2019-05-21 17:00:00,14.0,14.0,0.0,0.0,7.5,2507.0,1233.0,26.88,98,0.0,0.0,Haze,17,1
2019-05-22 06:00:00,10.0,11.0,0.0,0.0,9.0,797.0,1774.0,33.29,62,0.0,0.0,Haze,6,2
2019-05-21 18:00:00,15.0,15.0,0.0,0.0,7.0,2614.0,1365.0,26.62,98,0.0,0.0,Haze,18,1
2019-05-21 11:00:00,14.0,14.0,0.0,0.0,7.5,831.0,2011.0,28.58,93,0.59,0.0,Thunderstorm,11,1
2019-05-22 17:00:00,15.0,15.0,0.0,0.0,7.0,2682.0,1418.0,27.07,92,0.0,0.0,Haze,17,2
2019-05-23 06:00:00,10.0,11.0,0.0,0.0,9.0,818.0,1651.0,32.81,58,0.1,0.0,Thunderstorm,6,3
2019-05-22 13:00:00,15.0,15.0,0.0,0.0,7.0,1005.0,1619.0,27.58,87,0.0,0.0,Haze,13,2
2019-05-22 10:00:00,14.0,14.0,0.0,0.0,7.5,707.0,2352.0,28.31,73,20.83,0.0,Rain,10,2
2019-05-23 16:00:00,15.0,15.0,0.0,0.0,7.0,2353.0,1358.0,28.63,77,0.0,0.0,Haze,16,3
2019-05-24 06:00:00,13.0,13.0,0.0,0.0,8.0,799.0,1854.0,31.37,69,0.18,0.0,Thunderstorm,6,4
2019-05-23 11:00:00,14.0,14.0,0.0,0.0,7.5,821.0,1475.0,29.76,76,0.0,0.0,Haze,11,3
2019-05-24 20:00:00,15.0,15.0,0.0,0.0,7.0,2389.0,1109.0,27.1,91,0.0,0.0,Haze,20,4
2019-05-24 12:00:00,14.0,14.0,0.0,0.0,7.5,1022.0,2099.0,28.68,87,0.25,0.0,Thunderstorm,12,4
2019-05-24 11:00:00,15.0,15.0,0.0,0.0,7.0,935.0,2092.0,29.17,87,1.59,0.0,Thunderstorm,11,4
2019-05-25 13:00:00,12.0,13.0,0.0,0.0,8.5,1159.0,1773.0,28.89,68,0.0,0.0,Haze,13,5
2019-05-25 11:00:00,12.0,12.0,0.0,0.0,8.5,809.0,1364.0,29.2,68,0.0,0.0,Haze,11,5
2019-05-25 12:00:00,12.0,13.0,0.0,0.0,8.5,963.0,1535.0,28.88,68,0.0,0.0,Haze,12,5
2019-05-26 20:00:00,12.0,12.0,0.0,0.0,8.5,1201.0,597.0,25.41,93,0.0,0.0,Haze,20,6
2019-05-26 14:00:00,12.0,12.0,0.0,0.0,8.5,682.0,939.0,25.96,94,0.0,0.5,Rain,14,6
2019-05-27 06:00:00,13.0,13.0,0.0,0.0,7.5,440.0,2077.0,29.95,52,0.0,0.0,Haze,6,0
2019-05-26 16:00:00,12.0,12.0,0.0,0.0,8.5,1027.0,819.0,25.96,94,0.0,0.5,Rain,16,6
2019-05-26 12:00:00,12.0,13.0,0.0,0.0,8.5,501.0,1106.0,25.58,89,3.05,0.0,Rain,12,6
2019-05-26 10:00:00,12.0,13.0,0.0,0.0,8.5,318.0,1046.0,26.6,82,10.67,10.0,Rain,10,6
2019-05-26 08:00:00,12.0,13.0,0.0,0.0,8.5,307.0,652.0,27.43,82,5.08,10.0,Rain,8,6
2019-05-28 06:00:00,13.0,13.0,0.0,0.0,8.0,643.0,2082.0,34.54,46,0.0,0.0,Haze,6,1
2019-05-27 08:00:00,14.0,14.0,0.0,0.0,7.5,615.0,2355.0,28.1,67,0.0,0.3,Haze,8,0
2019-05-29 07:00:00,13.0,13.0,0.0,0.0,8.0,944.0,2278.0,33.91,53,0.0,0.0,Haze,7,2
2019-05-28 17:00:00,14.0,14.0,0.0,0.0,7.5,2749.0,1396.0,27.75,82,0.0,0.0,Haze,17,1
2019-05-28 10:00:00,14.0,14.0,0.0,0.0,7.5,765.0,2346.0,31.29,61,0.0,0.0,Haze,10,1
2019-05-30 05:00:00,10.0,11.0,0.0,0.0,8.0,327.0,683.0,34.01,55,0.0,0.0,Thunderstorm,5,3
2019-05-30 06:00:00,14.0,14.0,0.0,0.0,7.5,772.0,2018.0,34.45,55,0.16,0.0,Thunderstorm,6,3
2019-05-29 12:00:00,14.0,14.0,0.0,0.0,7.5,940.0,1965.0,28.41,86,0.0,0.0,Haze,12,2
2019-05-29 10:00:00,13.0,13.0,0.0,0.0,8.0,688.0,2394.0,28.34,87,0.0,2.0,Rain,10,2
2019-05-30 07:00:00,15.0,15.0,0.0,0.0,7.0,955.0,2187.0,34.02,55,0.0,0.0,Thunderstorm,7,3
2019-05-30 21:00:00,15.0,16.0,0.0,0.0,7.0,2287.0,884.0,27.67,90,0.0,0.0,Haze,21,3
2019-05-31 05:00:00,15.0,15.0,0.0,0.0,7.0,316.0,697.0,33.82,54,0.0,0.0,Haze,5,4
2019-05-30 10:00:00,14.0,14.0,0.0,0.0,7.5,780.0,2182.0,31.5,69,0.0,0.0,Haze,10,3
2019-05-31 18:00:00,15.0,15.0,0.0,0.0,7.0,2896.0,1838.0,28.74,79,0.0,0.0,Haze,18,4
2019-05-31 11:00:00,14.0,14.0,0.0,0.0,7.5,864.0,2372.0,31.18,63,0.0,0.0,Haze,11,4
2019-05-31 16:00:00,15.0,15.0,0.0,0.0,7.0,2732.0,1898.0,29.74,72,0.0,0.0,Thunderstorm,16,4
2019-05-31 12:00:00,15.0,15.0,0.0,0.0,7.0,1189.0,2151.0,30.75,63,0.0,0.0,Haze,12,4
2019-06-01 08:00:00,12.0,13.0,0.0,0.0,8.5,661.0,1442.0,34.04,47,0.0,0.0,Haze,8,5
2019-06-01 11:00:00,12.0,13.0,0.0,0.0,8.5,888.0,1791.0,31.51,57,0.0,0.0,Haze,11,5
2019-06-01 10:00:00,12.0,13.0,0.0,0.0,8.5,659.0,1722.0,32.97,47,0.0,0.0,Haze,10,5
2019-06-02 07:00:00,12.0,13.0,0.0,0.0,8.5,279.0,539.0,35.08,45,0.0,0.0,Haze,7,6
2019-06-02 09:00:00,12.0,13.0,0.0,0.0,8.5,286.0,1166.0,34.5,44,0.0,0.0,Haze,9,6
2019-06-02 12:00:00,12.0,13.0,0.0,0.0,8.5,482.0,1251.0,31.64,54,0.0,0.0,Haze,12,6
2019-06-02 10:00:00,12.0,13.0,0.0,0.0,8.5,362.0,1232.0,34.03,44,0.0,0.0,Haze,10,6
2019-06-03 18:00:00,15.0,15.0,0.0,0.0,7.0,2714.0,1620.0,28.59,90,0.0,0.0,Haze,18,0
2019-06-03 12:00:00,14.0,14.0,0.0,0.0,7.5,896.0,1912.0,29.83,77,0.0,0.0,Clouds,12,0
2019-06-05 06:00:00,12.0,12.0,0.0,0.0,8.5,686.0,844.0,32.6,79,5.84,0.0,Rain,6,2
2019-06-04 17:00:00,14.0,14.0,0.0,0.0,7.5,2359.0,1365.0,29.13,74,0.0,0.0,Haze,17,1
2019-06-05 08:00:00,12.0,13.0,0.0,0.0,8.5,534.0,971.0,31.46,78,0.0,0.0,Haze,8,2
2019-06-06 06:00:00,14.0,14.0,0.0,0.0,7.5,789.0,2217.0,34.65,41,0.0,0.0,Haze,6,3
2019-06-05 10:00:00,12.0,13.0,0.0,0.0,8.5,529.0,1253.0,31.33,78,0.0,0.0,Haze,10,2
2019-06-05 12:00:00,12.0,13.0,0.0,0.0,8.5,645.0,1159.0,29.9,79,0.0,0.0,Haze,12,2
2019-06-06 16:00:00,15.0,15.0,0.0,0.0,7.0,2385.0,1160.0,29.7,69,0.0,0.0,Haze,16,3
2019-06-07 06:00:00,15.0,15.0,0.0,0.0,7.0,762.0,2068.0,34.72,47,0.0,0.0,Haze,6,4
2019-06-07 18:00:00,14.0,14.0,0.0,0.0,7.5,776.0,1079.0,28.98,70,0.0,0.0,Haze,18,4
2019-06-07 20:00:00,15.0,15.0,0.0,0.0,7.0,2567.0,1366.0,28.22,78,0.0,0.0,Haze,20,4
2019-06-07 19:00:00,15.0,15.0,0.0,0.0,7.0,3249.0,1751.0,28.69,70,0.0,0.0,Haze,19,4
2019-06-07 10:00:00,15.0,15.0,0.0,0.0,7.0,901.0,2118.0,33.1,48,0.0,0.0,Haze,10,4
2019-06-08 08:00:00,12.0,13.0,0.0,0.0,8.5,636.0,1256.0,33.54,64,0.0,0.0,Haze,8,5
2019-06-09 07:00:00,11.0,11.0,0.0,0.0,8.5,281.0,470.0,34.41,40,0.0,0.0,Haze,7,6
2019-06-08 10:00:00,12.0,13.0,0.0,0.0,8.5,619.0,1331.0,32.36,64,0.0,0.0,Haze,10,5
2019-06-10 07:00:00,13.0,13.0,0.0,0.0,8.0,614.0,2362.0,29.02,79,1.0,0.0,Thunderstorm,7,0
2019-06-09 12:00:00,12.0,13.0,0.0,0.0,8.5,449.0,1054.0,29.29,74,0.4,0.0,Rain,12,6
2019-06-09 11:00:00,12.0,13.0,0.0,0.0,8.5,353.0,1204.0,30.05,74,0.24,0.0,Rain,11,6
2019-06-09 10:00:00,12.0,12.0,0.0,0.0,8.5,316.0,1178.0,31.72,55,0.0,0.0,Haze,10,6
2019-06-11 06:00:00,11.0,11.0,0.0,0.0,7.0,806.0,1511.0,33.17,57,0.0,0.0,Haze,6,1
2019-06-11 07:00:00,13.0,13.0,0.0,0.0,8.0,967.0,2530.0,32.98,57,0.0,0.0,Haze,7,1
2019-06-10 12:00:00,15.0,15.0,0.0,0.0,7.0,891.0,1793.0,28.66,89,0.5,0.0,Rain,12,0
2019-06-11 08:00:00,14.0,14.0,0.0,0.0,7.5,763.0,2532.0,31.87,73,0.0,0.0,Haze,8,1
2019-06-11 18:00:00,15.0,15.0,0.0,0.0,7.0,2770.0,1511.0,27.86,78,0.0,0.0,Haze,18,1
2019-06-12 05:00:00,8.0,8.0,0.0,0.0,7.0,275.0,307.0,33.23,52,0.0,0.0,Haze,5,2
2019-06-13 07:00:00,14.0,14.0,0.0,0.0,7.0,938.0,2568.0,32.23,57,0.0,0.0,Haze,7,3
2019-06-12 10:00:00,12.0,12.0,0.0,0.0,8.5,493.0,1270.0,31.17,60,0.0,0.0,Haze,10,2
2019-06-12 13:00:00,12.0,12.0,0.0,0.0,8.5,700.0,1210.0,29.92,69,0.0,0.0,Haze,13,2
2019-06-12 11:00:00,12.0,12.0,0.0,0.0,8.5,566.0,1395.0,30.04,69,0.0,0.0,Haze,11,2
2019-06-13 19:00:00,14.0,14.0,0.0,0.0,7.5,2616.0,1450.0,26.95,81,0.0,0.0,Clouds,19,3
2019-06-14 07:00:00,14.0,14.0,0.0,0.0,7.5,925.0,2120.0,32.55,65,0.0,0.0,Haze,7,4
2019-06-13 20:00:00,15.0,15.0,0.0,0.0,7.5,2511.0,1208.0,27.43,88,0.0,5.8,Haze,20,3
2019-06-14 20:00:00,15.0,15.0,0.0,0.0,7.0,2481.0,1519.0,26.87,92,0.0,0.9,Haze,20,4
2019-06-14 14:00:00,13.0,13.0,0.0,0.0,8.0,1410.0,1992.0,27.5,89,0.0,3.15,Haze,14,4
2019-06-14 19:00:00,14.0,14.0,0.0,0.0,7.5,2881.0,1478.0,27.0,85,0.51,0.0,Haze,19,4
2019-06-15 13:00:00,12.0,12.0,0.0,0.0,8.5,1156.0,1409.0,27.42,84,0.0,0.0,Clouds,13,5
2019-06-16 06:00:00,10.0,12.0,0.0,0.0,8.5,194.0,366.0,32.68,59,0.0,0.0,Haze,6,6
2019-06-15 11:00:00,12.0,12.0,0.0,0.0,8.5,774.0,1484.0,27.47,84,0.0,0.0,Clouds,11,5
2019-06-16 13:00:00,12.0,13.0,0.0,0.0,8.5,555.0,1023.0,29.57,72,0.0,0.0,Haze,13,6
2019-06-16 12:00:00,12.0,13.0,0.0,0.0,8.5,490.0,988.0,29.63,72,0.0,0.0,Haze,12,6
2019-06-16 11:00:00,12.0,12.0,0.0,0.0,8.5,410.0,1348.0,29.7,72,0.0,0.0,Haze,11,6
2019-06-17 19:00:00,15.0,15.0,0.0,0.0,7.0,2367.0,1665.0,28.25,84,0.0,0.0,Haze,19,0
2019-06-17 10:00:00,15.0,15.0,0.0,0.0,7.0,689.0,1932.0,31.8,63,0.0,0.0,Haze,10,0
2019-06-18 20:00:00,14.0,14.0,0.0,0.0,7.5,3531.0,1256.0,28.11,85,0.0,0.0,Haze,20,1
2019-06-18 11:00:00,13.0,13.0,0.0,0.0,8.0,799.0,2212.0,30.82,65,0.0,0.0,Haze,11,1
2019-06-18 19:00:00,14.0,14.0,0.0,0.0,7.5,1284.0,1448.0,28.69,73,0.0,0.0,Haze,19,1
2019-06-19 18:00:00,15.0,15.0,0.0,0.0,7.0,2365.0,1467.0,28.79,77,0.0,0.0,Haze,18,2
2019-06-19 20:00:00,15.0,15.0,0.0,0.0,7.0,2822.0,1216.0,28.13,82,0.0,0.0,Haze,20,2
2019-06-20 09:00:00,13.0,13.0,0.0,0.0,8.0,724.0,2850.0,32.36,64,0.0,3.0,Rain,9,3
2019-06-20 11:00:00,13.0,13.0,0.0,0.0,8.0,769.0,2188.0,27.99,88,0.0,0.0,Clouds,11,3
2019-06-20 10:00:00,13.0,13.0,0.0,0.0,8.0,711.0,1866.0,30.21,64,1.02,3.0,Rain,10,3
2019-06-21 18:00:00,14.0,14.0,0.0,0.0,7.5,2840.0,1535.0,28.49,88,0.0,0.0,Haze,18,4
2019-06-21 10:00:00,14.0,14.0,0.0,0.0,7.5,778.0,2107.0,31.19,78,0.0,4.0,Thunderstorm,10,4
2019-06-22 07:00:00,11.0,11.0,0.0,0.0,9.0,704.0,985.0,34.29,53,0.0,0.0,Haze,7,5
2019-06-21 20:00:00,15.0,15.0,0.0,0.0,7.0,2657.0,1442.0,28.22,89,0.0,0.0,Haze,20,4
2019-06-22 20:00:00,12.0,12.0,0.0,0.0,8.5,1130.0,754.0,27.49,89,0.0,0.0,Haze,20,5
2019-06-22 12:00:00,12.0,12.0,0.0,0.0,8.5,1049.0,1453.0,28.61,80,0.34,0.0,Thunderstorm,12,5
2019-06-22 10:00:00,12.0,12.0,0.0,0.0,8.5,639.0,1742.0,30.98,70,0.0,0.5,Rain,10,5
2019-06-23 16:00:00,13.0,13.0,0.0,0.0,8.5,908.0,847.0,26.67,95,0.0,59.0,Thunderstorm,16,6
2019-06-24 07:00:00,12.0,13.0,0.0,0.0,8.5,552.0,2328.0,31.85,67,0.0,0.0,Haze,7,0
2019-06-24 06:00:00,10.0,11.0,0.0,0.0,9.0,408.0,2083.0,31.79,67,0.0,0.0,Haze,6,0
2019-06-23 11:00:00,12.0,12.0,0.0,0.0,8.5,353.0,1171.0,30.16,71,0.0,0.0,Haze,11,6
2019-06-24 08:00:00,14.0,14.0,0.0,0.0,7.5,491.0,2750.0,31.27,66,0.0,0.0,Haze,8,0
2019-06-24 16:00:00,15.0,15.0,0.0,0.0,7.0,2157.0,1178.0,28.8,77,0.0,0.0,Haze,16,0
2019-06-25 05:00:00,7.0,9.0,0.0,0.0,8.5,261.0,559.0,32.55,58,0.0,0.0,Haze,5,1
2019-06-24 12:00:00,13.0,13.0,0.0,0.0,7.5,951.0,1940.0,29.62,77,0.0,0.0,Haze,12,0
2019-06-25 16:00:00,14.0,14.0,0.0,0.0,7.0,2371.0,1283.0,26.92,90,0.0,1.0,Haze,16,1
2019-06-26 06:00:00,14.0,14.0,0.0,0.0,7.5,736.0,1653.0,31.59,68,0.0,0.0,Haze,6,2
2019-06-25 12:00:00,15.0,15.0,0.0,0.0,7.0,934.0,1881.0,26.34,92,0.0,0.0,Clouds,12,1
2019-06-25 11:00:00,15.0,15.0,0.0,0.0,7.0,842.0,2250.0,27.1,92,0.0,0.0,Clouds,11,1
2019-06-26 17:00:00,15.0,15.0,0.0,0.0,7.0,2732.0,1592.0,26.51,93,0.0,0.0,Haze,17,2
2019-06-26 12:00:00,14.0,14.0,0.0,0.0,7.5,987.0,1968.0,27.42,82,0.25,0.0,Rain,12,2
2019-06-26 09:00:00,14.0,14.0,0.0,0.0,7.5,739.0,2321.0,28.01,76,0.0,0.0,Haze,9,2
2019-06-26 11:00:00,14.0,14.0,0.0,0.0,7.5,867.0,2062.0,27.5,82,0.26,0.0,Rain,11,2
2019-06-28 06:00:00,11.0,12.0,0.0,0.0,8.0,731.0,1648.0,27.98,90,1.27,0.0,Rain,6,4
2019-06-27 12:00:00,14.0,14.0,0.0,0.0,7.5,1030.0,1937.0,26.62,81,0.0,0.0,Haze,12,3
2019-06-27 11:00:00,15.0,15.0,0.0,0.0,7.0,842.0,2205.0,26.66,81,0.0,0.0,Haze,11,3
2019-06-28 18:00:00,15.0,16.0,0.0,0.0,7.0,2274.0,1509.0,25.93,93,0.0,0.0,Haze,18,4
2019-06-28 10:00:00,14.0,14.0,0.0,0.0,7.5,838.0,2586.0,28.03,93,0.25,0.75,Rain,10,4
2019-06-29 16:00:00,12.0,12.0,0.0,0.0,8.5,2422.0,1572.0,26.11,92,0.0,0.0,Clouds,16,5
2019-06-29 19:00:00,12.0,12.0,0.0,0.0,8.5,3237.0,1591.0,26.32,88,0.0,0.0,Haze,19,5
2019-06-29 08:00:00,11.0,11.0,0.0,0.0,9.0,815.0,2174.0,26.7,88,0.0,3.0,Rain,8,5
2019-06-30 06:00:00,12.0,12.0,0.0,0.0,8.5,205.0,377.0,30.94,70,0.0,0.0,Haze,6,6
2019-06-29 13:00:00,12.0,12.0,0.0,0.0,8.5,1237.0,2354.0,25.98,89,0.67,0.0,Rain,13,5
2019-06-29 12:00:00,12.0,12.0,0.0,0.0,8.5,859.0,1641.0,26.19,89,0.7,0.0,Rain,12,5
2019-06-30 17:00:00,12.0,13.0,0.0,0.0,8.5,940.0,918.0,26.57,92,0.25,0.0,Rain,17,6
2019-06-30 18:00:00,12.0,12.0,0.0,0.0,8.5,1028.0,808.0,26.25,92,0.56,0.0,Rain,18,6
2019-06-30 16:00:00,12.0,13.0,0.0,0.0,8.5,937.0,940.0,26.91,86,0.0,1.7,Rain,16,6
