num_train_running,num_train_operational,num_dalian_train_running,num_dalian_train_operational,headway,entry,exit,temp,humidity,rain_1h,rain_3h
12.0,13.0,0.0,0.0,8.5,1595.6153846153845,1720.3846153846155,26.410000000000007,87,0.0,0.0
8.0,8.0,0.0,0.0,8.0,861.8461538461538,284.53846153846155,31.290000000000003,60,0.0,0.0
15.0,15.0,0.0,0.0,7.0,1903.923076923077,1857.076923076923,27.23,84,0.0,0.0
7.0,7.0,0.0,0.0,8.0,906.1538461538462,318.53846153846155,30.089999999999993,66,0.0,0.0
14.0,14.0,0.0,0.0,7.5,1536.5384615384614,1414.2307692307693,26.11000000000001,87,0.0,0.0
9.0,9.0,0.0,0.0,8.0,929.0,309.3076923076923,31.240000000000006,60,0.0,0.0
8.0,8.0,0.0,0.0,8.0,828.1538461538462,156.07692307692307,30.990000000000006,59,0.0,0.0
14.0,14.0,0.0,0.0,7.5,1602.3076923076924,914.3846153846154,31.0,59,0.0,0.0
8.0,8.0,0.0,0.0,8.0,503.84615384615387,163.92307692307693,30.69,62,0.0,0.0
15.0,15.0,0.0,0.0,7.0,1252.923076923077,978.9230769230769,29.649999999999995,62,0.0,0.0
15.0,16.0,0.0,0.0,7.0,428.38461538461536,673.7692307692307,26.69,89,0.0,0.0
12.0,13.0,0.0,0.0,8.5,461.9230769230769,300.61538461538464,29.13999999999999,67,0.0,0.0
12.0,14.0,0.0,0.0,8.5,1049.6923076923076,896.1538461538462,26.529999999999998,91,0.63,0.0
12.0,14.0,0.0,0.0,8.5,1978.3846153846155,1546.0,26.180000000000003,94,0.0,0.0
8.0,8.0,0.0,0.0,8.0,868.5384615384615,268.15384615384613,29.149999999999995,66,0.0,0.0
15.0,16.0,0.0,0.0,7.0,1380.3076923076924,1462.8461538461538,25.17000000000001,87,0.0,13.0
15.0,16.0,0.0,0.0,7.0,1424.6923076923076,1310.0,27.420000000000012,81,0.0,0.0
7.0,7.0,0.0,0.0,8.0,901.5384615384615,256.53846153846155,28.769999999999996,76,1.35,0.0
15.0,15.0,0.0,0.0,7.0,1367.1538461538462,1498.6923076923076,25.970000000000002,93,0.0,0.0
9.0,9.0,0.0,0.0,8.0,874.8461538461538,278.2307692307692,27.899999999999995,75,0.0,0.0
15.0,16.0,0.0,0.0,7.0,1527.0,1333.5384615384614,26.77,77,0.0,0.0
8.0,8.0,0.0,0.0,8.0,489.61538461538464,144.69230769230768,28.430000000000003,78,0.58,0.0
15.0,16.0,0.0,0.0,7.0,1248.076923076923,1378.6923076923076,25.790000000000003,89,0.0,0.0
12.0,15.0,0.0,0.0,8.5,1086.923076923077,949.0769230769231,26.680000000000003,89,0.0,3.0
9.0,9.0,0.0,0.0,8.0,786.0,272.0,28.38999999999999,84,1.2200000000000002,0.0
15.0,15.0,0.0,0.0,7.0,1853.6923076923076,920.8461538461538,28.449999999999992,84,1.6099999999999997,0.0
15.0,16.0,0.0,0.0,7.0,1347.0,1641.923076923077,25.42000000000001,92,0.0,17.5
8.0,8.0,0.0,0.0,8.0,856.1538461538462,266.53846153846155,26.089999999999993,95,0.0,0.0
15.0,16.0,0.0,0.0,8.0,1941.076923076923,1861.3846153846155,25.21,95,0.8900000000000001,0.0
8.0,8.0,0.0,0.0,8.0,533.1538461538462,27.846153846153847,29.259999999999994,78,0.0,0.0
15.0,15.0,0.0,0.0,7.0,2037.3846153846155,1720.3076923076924,28.52999999999999,80,0.0,0.8
9.0,9.0,0.0,0.0,8.0,816.0,260.38461538461536,29.319999999999997,79,0.0,0.0
8.0,8.0,0.0,0.0,8.0,464.84615384615387,123.0,29.0,86,0.0,0.0
15.0,15.0,0.0,0.0,7.0,989.8461538461538,634.7692307692307,28.740000000000006,86,0.0,0.0
15.0,15.0,0.0,0.0,7.0,1302.7692307692307,1117.3846153846155,26.550000000000008,93,0.0,23.5
12.0,13.0,0.0,0.0,8.5,1068.3076923076924,930.5384615384615,26.660000000000007,90,0.8800000000000002,0.0
8.0,8.0,0.0,0.0,9.0,1025.6923076923076,341.53846153846155,26.209999999999997,100,0.21,0.0
11.0,11.0,0.0,0.0,9.0,1754.1538461538462,1011.7692307692307,25.319999999999997,100,0.29999999999999993,0.0
8.0,8.0,0.0,0.0,8.0,877.6923076923077,297.7692307692308,27.279999999999998,85,0.0,0.0
15.0,15.0,0.0,0.0,7.0,1887.8461538461538,932.1538461538462,27.63999999999999,85,0.0,0.0
15.0,16.0,0.0,0.0,7.0,2101.230769230769,1752.6153846153845,25.800000000000008,97,0.0,0.0
15.0,15.0,0.0,0.0,7.0,1773.0,1002.2307692307693,28.19,71,0.0,0.0
15.0,16.0,0.0,0.0,7.0,1471.923076923077,1599.4615384615386,25.23,95,0.0,0.0
9.0,9.0,0.0,0.0,7.0,887.8461538461538,276.53846153846155,29.180000000000003,74,0.0,0.0
15.0,16.0,0.0,0.0,7.0,1828.6153846153845,1865.7692307692307,25.930000000000003,88,0.0,0.0
15.0,15.0,0.0,0.0,7.0,1659.8461538461538,946.6153846153846,27.829999999999988,74,8.900000000000002,0.0
15.0,15.0,0.0,0.0,7.0,1760.8461538461538,1813.6923076923076,25.720000000000002,85,0.0,0.0
7.0,9.0,0.0,0.0,7.5,456.0769230769231,134.6153846153846,27.649999999999995,79,0.12999999999999995,0.0
12.0,12.0,0.0,0.0,8.5,572.2307692307693,429.15384615384613,28.899999999999995,79,0.4500000000000001,0.0
6.0,6.0,0.0,0.0,9.0,1029.2307692307693,325.53846153846155,30.079999999999988,66,0.0,0.0
12.0,13.0,0.0,0.0,8.5,2105.3846153846152,1509.5384615384614,30.160000000000007,66,0.0,0.0
12.0,13.0,0.0,0.0,8.5,1824.923076923077,1780.3846153846155,26.94,88,0.0,0.0
10.0,11.0,0.0,0.0,7.0,887.0,270.7692307692308,30.22000000000001,69,0.0,0.0
15.0,15.0,0.0,0.0,7.0,1327.6153846153845,1195.8461538461538,28.25,84,0.0,0.0
9.0,10.0,0.0,0.0,7.0,858.3846153846154,257.3076923076923,29.88,69,0.0,0.0
15.0,15.0,0.0,0.0,7.0,1770.3076923076924,1897.8461538461538,26.899999999999995,90,0.0,0.0
15.0,15.0,0.0,0.0,7.0,849.9230769230769,254.69230769230768,30.63,70,0.0,0.0
15.0,16.0,0.0,0.0,7.0,2010.0,1331.923076923077,30.399999999999995,70,0.0,0.0
15.0,16.0,0.0,0.0,7.0,1362.3846153846155,1270.1538461538462,27.819999999999997,82,0.0,0.0
14.0,15.0,0.0,0.0,7.0,1535.3076923076924,885.7692307692307,29.300000000000008,77,0.0,0.0
15.0,16.0,0.0,0.0,7.0,1615.6923076923076,1305.4615384615386,27.579999999999988,82,0.0,0.0
15.0,15.0,0.0,0.0,7.0,1039.6923076923076,878.5384615384615,28.62,72,0.0,0.0
9.0,9.0,0.0,0.0,7.0,926.7692307692307,253.53846153846155,29.790000000000003,67,0.0,0.0
14.0,14.0,0.0,0.0,7.5,1793.6923076923076,955.5384615384615,29.670000000000012,67,0.0,0.0
15.0,15.0,0.0,0.0,7.0,1587.3846153846155,1435.1538461538462,27.149999999999995,81,0.0,0.0
15.0,15.0,0.0,0.0,7.0,2034.7692307692307,993.8461538461538,29.920000000000012,81,0.0,0.0
15.0,16.0,0.0,0.0,7.0,1537.0,1366.923076923077,26.839999999999993,85,0.16999999999999996,0.0
8.0,9.0,0.0,0.0,7.0,979.5384615384615,224.07692307692307,30.52999999999999,65,0.0,0.0
14.0,14.0,0.0,0.0,7.5,1765.923076923077,957.0769230769231,30.829999999999988,65,0.0,0.0
15.0,15.0,0.0,0.0,7.0,1359.3076923076924,1498.3076923076924,26.660000000000007,86,0.0,0.0
15.0,15.0,0.0,0.0,7.0,1649.7692307692307,779.1538461538462,28.199999999999992,79,0.0,0.0
15.0,16.0,0.0,0.0,7.0,1527.2307692307693,1647.2307692307693,26.009999999999994,92,0.7300000000000002,0.0
12.0,13.0,0.0,0.0,8.5,877.6153846153846,732.5384615384615,26.27,95,0.0,51.0
12.0,13.0,0.0,0.0,8.5,1051.5384615384614,879.4615384615385,25.930000000000003,93,3.64,0.0
14.0,14.0,0.0,0.0,7.5,2024.0,1161.6923076923076,28.910000000000007,75,0.8900000000000001,0.0
14.0,15.0,0.0,0.0,7.5,2088.846153846154,1681.0,29.160000000000007,75,0.4400000000000001,0.0
14.0,14.0,0.0,0.0,7.5,1818.8461538461538,1587.076923076923,28.290000000000003,70,0.0,5.0
15.0,16.0,0.0,0.0,7.0,2032.2307692307693,1635.7692307692307,26.36000000000001,90,0.0,0.0
13.0,13.0,0.0,0.0,8.0,1821.3846153846155,1011.0,30.25,69,0.0,0.0
15.0,15.0,0.0,0.0,7.0,2305.4615384615386,1540.3076923076924,28.740000000000006,69,0.0,0.0
15.0,15.0,0.0,0.0,7.0,1888.4615384615386,1804.2307692307693,27.540000000000003,81,0.0,1.25
15.0,16.0,0.0,0.0,7.0,1869.923076923077,1782.8461538461538,27.31,81,0.0,0.0
14.0,14.0,0.0,0.0,7.0,1844.5384615384614,961.2307692307693,30.22000000000001,73,0.0,0.0
15.0,15.0,0.0,0.0,7.0,1979.923076923077,1717.3846153846155,29.910000000000007,75,0.0,0.0
15.0,15.0,0.0,0.0,7.0,1854.3076923076924,1573.3076923076924,25.449999999999992,89,0.0,21.5
14.0,14.0,0.0,0.0,7.5,1358.2307692307693,1172.8461538461538,27.550000000000008,90,8.0,0.0
12.0,14.0,0.0,0.0,9.0,920.1538461538462,696.2307692307693,27.81,71,0.0,0.0
12.0,14.0,0.0,0.0,9.0,1889.8461538461538,1354.3846153846155,28.72000000000001,69,0.0,0.0
12.0,14.0,0.0,0.0,9.0,1473.923076923077,1213.5384615384614,25.63999999999999,93,0.18,0.0
15.0,15.0,0.0,0.0,8.0,1746.6923076923076,1852.6923076923076,26.52,92,0.27,0.0
12.0,14.0,0.0,0.0,8.5,1003.6153846153846,783.9230769230769,28.19,86,0.0,3.0
12.0,14.0,0.0,0.0,8.5,1037.4615384615386,277.15384615384613,30.269999999999996,73,0.0,0.0
8.0,8.0,0.0,0.0,9.5,953.1538461538462,245.46153846153845,30.56,72,0.0,0.0
15.0,15.0,0.0,0.0,7.5,1924.2307692307693,1362.4615384615386,30.56,72,0.0,0.0
15.0,16.0,0.0,0.0,7.0,53.53846153846154,0.5384615384615384,30.160000000000007,69,0.0,0.0
15.0,16.0,0.0,0.0,7.0,1510.7692307692307,1125.6153846153845,28.209999999999997,81,0.0,0.0
12.0,14.0,0.0,0.0,8.5,705.2307692307693,553.8461538461538,29.410000000000007,75,0.0,0.0
12.0,13.0,0.0,0.0,8.5,1915.6923076923076,1300.6153846153845,30.829999999999988,71,0.0,0.0
12.0,13.0,0.0,0.0,8.5,1575.0,1427.7692307692307,29.63999999999999,61,0.0,0.0
14.0,14.0,0.0,0.0,7.5,1628.2307692307693,685.6153846153846,32.11000000000001,51,0.0,0.0
15.0,15.0,0.0,0.0,7.0,1576.4615384615386,1516.5384615384614,29.19,71,0.0,0.0
15.0,16.0,0.0,0.0,7.0,1900.7692307692307,1004.0769230769231,31.27999999999999,50,0.0,0.0
15.0,16.0,0.0,0.0,7.0,1378.3076923076924,1536.0,26.040000000000003,89,0.0,0.0
14.0,14.0,0.0,0.0,7.0,1464.3076923076924,1347.7692307692307,25.089999999999996,90,0.16999999999999996,0.0
12.0,12.0,0.0,0.0,8.5,592.6153846153846,432.0,30.430000000000003,62,0.0,0.0
12.0,13.0,0.0,0.0,8.5,1005.5384615384615,853.6923076923077,26.579999999999988,88,0.9399999999999996,0.0
12.0,13.0,0.0,0.0,8.5,1916.3846153846155,1532.6923076923076,28.86000000000001,70,0.59,0.0
12.0,13.0,0.0,0.0,8.5,1528.076923076923,1695.8461538461538,25.930000000000003,91,0.39,0.0
9.0,9.0,0.0,0.0,7.0,1051.7692307692307,275.7692307692308,30.829999999999988,60,0.0,0.0
15.0,15.0,0.0,0.0,7.0,1865.6923076923076,945.9230769230769,30.86000000000001,60,0.0,0.0
15.0,15.0,0.0,0.0,7.0,1955.1538461538462,1751.3846153846155,28.699999999999992,78,0.0,0.0
15.0,16.0,0.0,0.0,7.0,1326.5384615384614,1324.3846153846155,25.110000000000007,92,0.0,0.0
15.0,15.0,0.0,0.0,7.0,2054.769230769231,1067.3846153846155,29.050000000000008,74,0.0,0.0
15.0,16.0,0.0,0.0,7.0,1655.3846153846155,1809.4615384615386,25.430000000000003,91,0.0,0.0
15.0,0.0,0.0,0.0,7.0,2054.5384615384614,950.1538461538462,30.22000000000001,73,0.0,0.0
15.0,0.0,0.0,0.0,7.0,1566.5384615384614,1264.2307692307693,27.589999999999993,86,0.0,0.0
15.0,0.0,0.0,0.0,7.0,1550.4615384615386,1318.923076923077,27.600000000000005,86,0.0,0.0
15.0,0.0,0.0,0.0,7.0,1653.4615384615386,1383.0,26.73,92,0.0,0.0
15.0,15.0,0.0,0.0,7.0,1190.7692307692307,930.2307692307693,26.88,85,1.7100000000000006,0.0
15.0,15.0,0.0,0.0,7.0,1171.5384615384614,1030.0,26.670000000000012,85,0.0,0.29999999999999993
15.0,15.0,0.0,0.0,7.0,1441.6153846153845,1136.3076923076924,27.029999999999998,81,0.0,0.0
12.0,12.0,0.0,0.0,8.5,898.6153846153846,727.7692307692307,29.350000000000005,72,0.0,0.0
12.0,13.0,0.0,0.0,8.5,929.6923076923077,826.5384615384615,28.029999999999998,78,0.0,0.0
12.0,13.0,0.0,0.0,8.5,1916.8461538461538,993.0769230769231,31.480000000000004,60,0.0,0.0
12.0,13.0,0.0,0.0,8.5,1436.0,1272.1538461538462,28.5,81,0.0,0.0
15.0,15.0,0.0,0.0,7.0,2298.230769230769,1688.0,30.819999999999997,62,0.0,0.0
15.0,15.0,0.0,0.0,7.0,1948.8461538461538,1835.5384615384614,26.339999999999993,93,0.0,0.0
15.0,15.0,0.0,0.0,7.0,2107.0,1055.5384615384614,30.37,66,0.0,0.0
15.0,15.0,0.0,0.0,7.0,2011.6153846153845,1595.2307692307693,29.509999999999994,70,0.0,0.0
15.0,15.0,0.0,0.0,7.0,1540.6153846153845,1109.3846153846155,27.06,96,1.1400000000000001,0.0
15.0,15.0,0.0,0.0,7.0,962.5384615384615,1017.6923076923077,26.27,92,0.0,9.0
15.0,16.0,0.0,0.0,7.0,1872.6923076923076,1930.5384615384614,26.69,94,0.0,0.0
10.0,11.0,0.0,0.0,9.0,423.9230769230769,262.0,28.550000000000008,81,0.0,0.0
12.0,13.0,0.0,0.0,8.5,780.4615384615385,545.4615384615385,27.240000000000006,87,0.0,15.0
12.0,13.0,0.0,0.0,8.5,1951.3846153846155,1643.1538461538462,28.350000000000005,88,0.0,8.5
12.0,13.0,0.0,0.0,8.5,1508.3846153846155,1338.0,26.759999999999994,86,0.0,0.0
15.0,15.0,0.0,0.0,7.0,1383.2307692307693,1212.923076923077,26.910000000000007,100,0.0,0.0
9.0,9.0,0.0,0.0,8.0,965.7692307692307,252.84615384615384,31.600000000000005,53,0.0,0.0
15.0,16.0,0.0,0.0,7.0,1419.2307692307693,1596.7692307692307,26.649999999999995,89,0.0,0.0
9.0,9.0,0.0,0.0,8.0,1003.6153846153846,275.38461538461536,30.13,64,0.0,0.0
15.0,16.0,0.0,0.0,7.0,1889.3846153846155,1864.5384615384614,26.709999999999997,91,0.0,0.0
16.0,16.0,0.0,0.0,7.0,2042.2307692307693,1658.1538461538462,30.180000000000003,64,0.0,0.0
16.0,16.0,0.0,0.0,7.0,1572.6153846153845,1467.3076923076924,29.550000000000008,64,0.0,0.0
15.0,15.0,0.0,0.0,7.0,1388.4615384615386,1329.076923076923,26.62,90,0.0,0.0
15.0,15.0,0.0,0.0,7.0,1609.5384615384614,1311.6153846153845,26.009999999999994,91,0.0,0.0
12.0,13.0,0.0,0.0,8.5,588.4615384615385,443.38461538461536,31.88,59,1.5,0.0
12.0,13.0,0.0,0.0,8.5,974.6153846153846,831.5384615384615,28.899999999999995,81,0.12000000000000004,0.0
10.0,10.0,0.0,0.0,8.5,1877.076923076923,1132.4615384615386,30.77999999999999,75,0.0,0.0
13.0,13.0,0.0,0.0,8.0,1909.6153846153845,1810.076923076923,30.19,71,0.0,0.0
14.0,14.0,0.0,0.0,7.5,1828.3846153846155,1602.6923076923076,27.199999999999992,86,0.0,0.0
12.0,12.0,0.0,0.0,8.5,2063.923076923077,1079.4615384615386,31.600000000000005,58,0.0,0.0
13.0,13.0,0.0,0.0,8.0,2069.076923076923,1750.7692307692307,29.709999999999997,82,0.0,3.0
14.0,14.0,0.0,0.0,7.5,1501.3846153846155,1306.8461538461538,28.600000000000005,89,0.0,0.0
14.0,14.0,0.0,0.0,7.0,2042.7692307692307,1074.6923076923076,31.37,64,0.0,0.0
15.0,15.0,0.0,0.0,7.0,2287.6153846153848,1677.6923076923076,31.27999999999999,64,0.0,0.0
15.0,15.0,0.0,0.0,7.0,1599.076923076923,1158.0,28.319999999999997,77,0.0,6.15
15.0,15.0,0.0,0.0,7.0,1950.3076923076924,1650.6153846153845,26.589999999999993,87,0.0,0.0
14.0,14.0,0.0,0.0,7.5,2275.076923076923,1533.5384615384614,30.38999999999999,61,0.0,0.0
15.0,15.0,0.0,0.0,7.0,1738.3076923076924,1471.6923076923076,30.11000000000001,68,0.0,0.0
15.0,15.0,0.0,0.0,7.0,1771.2307692307693,1771.8461538461538,27.37,81,0.0,0.0
15.0,15.0,0.0,0.0,7.0,1059.3076923076924,618.6923076923077,31.02999999999999,62,0.0,0.0
14.0,14.0,0.0,0.0,7.5,1324.923076923077,1131.3846153846155,30.180000000000003,72,0.0,0.0
15.0,15.0,0.0,0.0,7.0,1344.076923076923,1104.3846153846155,28.800000000000008,77,0.0,0.0
15.0,15.0,0.0,0.0,7.0,1442.076923076923,1474.4615384615386,27.52,81,0.0,0.0
12.0,13.0,0.0,0.0,8.5,956.3076923076923,735.1538461538462,29.800000000000008,65,0.0,0.0
12.0,14.0,0.0,0.0,8.5,1045.076923076923,900.0769230769231,27.319999999999997,79,0.0,0.0
12.0,13.0,0.0,0.0,8.5,1338.076923076923,1096.4615384615386,28.839999999999993,71,0.0,0.0
12.0,13.0,0.0,0.0,8.5,1642.923076923077,1588.8461538461538,26.699999999999992,84,0.0,0.0
11.0,13.0,0.0,0.0,8.0,1046.4615384615386,292.9230769230769,31.839999999999993,53,0.0,0.0
14.0,14.0,0.0,0.0,7.5,1955.4615384615386,1000.6923076923077,32.18,53,0.0,0.0
15.0,15.0,0.0,0.0,7.0,2159.0,1658.4615384615386,32.12,53,0.0,0.0
15.0,16.0,0.0,0.0,7.0,1443.076923076923,1257.0,29.13999999999999,66,0.0,0.0
15.0,15.0,0.0,0.0,7.0,2055.846153846154,1057.1538461538462,31.230000000000004,63,0.0,0.0
15.0,16.0,0.0,0.0,7.0,1338.0,1166.076923076923,26.48,93,0.0,0.0
7.0,7.0,0.0,0.0,8.0,951.6153846153846,253.53846153846155,31.62,61,0.0,0.0
14.0,14.0,0.0,0.0,7.0,1986.3076923076924,983.1538461538462,31.920000000000012,61,0.0,0.0
15.0,15.0,0.0,0.0,7.0,1383.6923076923076,1501.2307692307693,25.009999999999994,93,0.0,0.0
7.0,9.0,0.0,0.0,8.0,959.1538461538462,243.76923076923077,30.519999999999996,67,0.0,0.0
15.0,16.0,0.0,0.0,7.0,1528.3846153846155,1483.8461538461538,30.149999999999995,61,0.0,0.0
15.0,15.0,0.0,0.0,7.0,1525.8461538461538,1199.6153846153845,28.009999999999994,75,0.0,0.0
13.0,13.0,0.0,0.0,8.0,477.7692307692308,138.15384615384616,31.019999999999996,55,0.0,0.0
15.0,16.0,0.0,0.0,7.0,1427.3076923076924,1107.6923076923076,28.11000000000001,72,0.0,0.0
11.0,11.0,0.0,0.0,9.0,438.38461538461536,284.84615384615387,31.52999999999999,54,0.0,0.0
12.0,12.0,0.0,0.0,8.5,592.2307692307693,441.15384615384613,31.160000000000007,54,0.0,0.0
12.0,13.0,0.0,0.0,8.5,888.9230769230769,697.3076923076923,29.38999999999999,55,0.0,0.0
12.0,13.0,0.0,0.0,8.5,948.0,775.3076923076923,28.69,69,0.0,0.0
12.0,13.0,0.0,0.0,8.5,970.8461538461538,780.3076923076923,28.37,69,0.0,0.0
12.0,12.0,0.0,0.0,8.5,989.6923076923077,872.3846153846154,26.69,79,0.0,0.0
12.0,12.0,0.0,0.0,8.5,1902.3846153846155,1091.6923076923076,32.0,64,0.0,0.0
12.0,12.0,0.0,0.0,8.5,2093.153846153846,1517.6153846153845,31.769999999999996,64,0.0,0.0
12.0,12.0,0.0,0.0,8.5,1464.1538461538462,1290.6153846153845,30.52999999999999,63,0.0,8.099999999999998
12.0,12.0,0.0,0.0,8.5,1464.0,1256.1538461538462,29.069999999999997,78,0.0,0.0
12.0,12.0,0.0,0.0,8.5,1310.7692307692307,1191.076923076923,28.75,78,0.0,0.0
10.0,11.0,0.0,0.0,7.0,1112.6153846153845,284.38461538461536,31.87,56,0.0,0.0
15.0,15.0,0.0,0.0,7.0,1497.0,1307.0,28.13,85,0.0,0.0
15.0,15.0,0.0,0.0,7.0,1958.0,1902.6153846153845,26.990000000000006,90,0.0,0.0
7.0,7.0,0.0,0.0,8.0,1009.0,287.61538461538464,31.540000000000003,60,0.0,0.0
13.0,13.0,0.0,0.0,8.0,2018.3076923076924,1087.7692307692307,31.829999999999988,60,0.0,0.0
15.0,15.0,0.0,0.0,7.0,1927.4615384615386,1606.0,27.149999999999995,85,0.0,0.0
7.0,7.0,0.0,0.0,8.0,1007.9230769230769,266.2307692307692,30.430000000000003,79,1.5,0.0
13.0,13.0,0.0,0.0,8.0,2042.4615384615386,1125.3076923076924,30.329999999999988,79,0.21,0.0
15.0,15.0,0.0,0.0,7.0,2164.4615384615386,1688.7692307692307,30.069999999999997,79,0.2,0.0
15.0,16.0,0.0,0.0,7.0,1276.4615384615386,1146.5384615384614,27.790000000000003,90,0.0,0.0
15.0,16.0,0.0,0.0,7.0,1940.7692307692307,1630.5384615384614,26.94,91,0.0,0.0
13.0,13.0,0.0,0.0,8.0,941.5384615384615,235.69230769230768,31.850000000000005,49,0.0,0.0
13.0,13.0,0.0,0.0,8.0,1551.2307692307693,1530.3846153846155,31.819999999999997,55,0.0,0.0
14.0,14.0,0.0,0.0,7.5,1500.7692307692307,1212.4615384615386,29.27999999999999,69,0.0,0.0
15.0,15.0,0.0,0.0,7.0,1573.923076923077,1298.1538461538462,29.22000000000001,69,0.0,0.0
13.0,14.0,0.0,0.0,7.0,501.6923076923077,148.15384615384616,32.67000000000001,54,0.0,0.0
15.0,15.0,0.0,0.0,7.0,1031.076923076923,631.8461538461538,33.25,54,0.0,0.0
15.0,16.0,0.0,0.0,7.0,1607.3846153846155,1293.6923076923076,29.490000000000006,66,0.0,0.0
15.0,15.0,0.0,0.0,7.0,1596.4615384615386,1313.8461538461538,27.339999999999993,83,0.0,0.0
6.0,6.0,0.0,0.0,8.5,238.23076923076923,74.23076923076923,33.300000000000004,47,0.0,0.0
12.0,15.0,0.0,0.0,8.5,991.1538461538462,906.0769230769231,28.06,74,0.0,0.0
9.0,12.0,0.0,0.0,8.5,1075.1538461538462,332.7692307692308,30.149999999999995,77,0.5,0.0
12.0,14.0,0.0,0.0,8.5,1598.923076923077,1931.923076923077,26.300000000000008,88,0.0,0.0
9.0,9.0,0.0,0.0,8.0,1035.6923076923076,299.61538461538464,31.509999999999994,67,0.15999999999999998,0.0
15.0,15.0,0.0,0.0,7.0,2247.846153846154,1657.076923076923,30.329999999999988,67,0.59,0.0
15.0,15.0,0.0,0.0,7.0,1533.4615384615386,1125.8461538461538,26.720000000000002,86,0.0,0.0
15.0,15.0,0.0,0.0,7.0,757.3076923076923,657.2307692307693,26.709999999999997,86,0.0,0.0
8.0,8.0,0.0,0.0,7.0,961.7692307692307,262.7692307692308,30.430000000000003,75,0.0,0.0
14.0,14.0,0.0,0.0,7.5,2022.2307692307693,1093.3846153846155,29.670000000000012,75,0.0,0.0
15.0,16.0,0.0,0.0,7.0,2247.3846153846152,1733.076923076923,29.449999999999992,75,0.0,0.0
15.0,15.0,0.0,0.0,7.0,1639.076923076923,1335.1538461538462,28.699999999999992,84,0.0,0.5999999999999999
15.0,16.0,0.0,0.0,7.0,1650.2307692307693,1258.0,27.11000000000001,93,0.0,0.0
7.0,7.0,0.0,0.0,8.0,990.3846153846154,279.84615384615387,32.34000000000002,59,0.0,0.0
15.0,16.0,0.0,0.0,7.0,1489.4615384615386,1264.0,27.319999999999997,89,0.0,0.0
15.0,15.0,0.0,0.0,7.0,678.2307692307693,1128.076923076923,25.389999999999993,93,0.0,0.0
13.0,13.0,0.0,0.0,8.0,2015.2307692307693,1034.3846153846155,32.90999999999998,58,0.0,0.0
15.0,15.0,0.0,0.0,7.0,1601.6153846153845,1297.7692307692307,27.680000000000003,82,0.0,0.0
15.0,16.0,0.0,0.0,7.0,1833.3846153846155,1649.3846153846155,26.63999999999999,86,0.0,0.0
7.0,7.0,0.0,0.0,8.0,527.0769230769231,156.53846153846155,32.5,49,0.0,0.0
15.0,16.0,0.0,0.0,7.0,1263.3076923076924,1054.4615384615386,30.709999999999997,46,0.0,0.0
10.0,13.0,0.0,0.0,8.5,250.92307692307693,77.76923076923077,31.5,61,0.0,0.0
12.0,13.0,0.0,0.0,8.5,629.3076923076923,453.7692307692308,31.81,61,0.0,0.0
12.0,15.0,0.0,0.0,8.5,860.6923076923077,744.5384615384615,26.290000000000003,99,0.0,1.0
12.0,13.0,0.0,0.0,8.5,1084.2307692307693,320.0769230769231,30.62,60,0.0,0.0
12.0,13.0,0.0,0.0,8.5,1570.6923076923076,1438.076923076923,29.44,66,0.0,0.0
12.0,13.0,0.0,0.0,8.5,1606.6153846153845,1295.6923076923076,27.459999999999997,82,0.0,0.0
9.0,9.0,0.0,0.0,8.0,1055.2307692307693,303.2307692307692,32.02999999999999,47,0.0,0.0
15.0,15.0,0.0,0.0,7.0,2217.230769230769,1658.7692307692307,32.02999999999999,47,0.0,0.0
15.0,16.0,0.0,0.0,7.0,1262.6153846153845,1134.923076923077,27.459999999999997,74,0.0,0.0
7.0,7.0,0.0,0.0,8.0,987.8461538461538,302.3076923076923,31.829999999999988,56,0.0,0.0
15.0,15.0,0.0,0.0,7.0,1446.4615384615386,1128.6153846153845,28.77999999999999,66,0.0,0.0
15.0,15.0,0.0,0.0,7.0,1649.1538461538462,1242.3076923076924,26.75,78,0.0,0.0
8.0,8.0,0.0,0.0,8.0,981.0,277.0,31.13999999999999,61,0.0,0.0
15.0,16.0,0.0,0.0,7.0,1832.1538461538462,1230.923076923077,31.160000000000007,61,0.0,0.0
15.0,16.0,0.0,0.0,7.0,1302.923076923077,1085.5384615384614,27.31,71,0.0,0.0
15.0,16.0,0.0,0.0,7.0,1328.7692307692307,1477.5384615384614,25.69,85,0.0,0.0
8.0,8.0,0.0,0.0,8.0,919.3846153846154,255.84615384615384,31.410000000000007,58,0.0,0.0
15.0,16.0,0.0,0.0,7.0,1903.2307692307693,1815.2307692307693,26.81,80,0.0,0.0
9.0,9.0,0.0,0.0,8.0,498.38461538461536,151.6153846153846,32.22000000000001,56,0.0,0.0
15.0,16.0,0.0,0.0,7.0,1476.6923076923076,1147.6923076923076,28.61000000000001,52,0.0,0.0
15.0,16.0,0.0,0.0,7.0,1011.3076923076923,1036.2307692307693,26.459999999999997,76,0.0,0.0
7.0,7.0,0.0,0.0,9.0,276.0769230769231,88.6923076923077,31.839999999999993,51,0.0,0.0
12.0,12.0,0.0,0.0,8.5,484.0,340.7692307692308,31.540000000000003,51,0.0,0.0
13.0,14.0,0.0,0.0,8.5,1075.2307692307693,867.3846153846154,28.660000000000007,65,0.0,0.0
12.0,13.0,1.0,0.0,8.5,981.6923076923077,810.5384615384615,27.56,75,0.0,0.0
12.0,13.0,0.0,0.0,8.5,801.0769230769231,699.4615384615385,26.470000000000002,84,0.0,0.0
7.0,7.0,0.0,0.0,9.0,1046.5384615384614,335.46153846153845,32.019999999999996,45,0.0,0.0
12.0,13.0,1.0,0.0,8.5,1415.076923076923,1122.3846153846155,27.88,82,0.5,0.0
12.0,13.0,1.0,0.0,8.5,1349.1538461538462,1214.3076923076924,26.279999999999998,81,0.0,0.0
12.0,13.0,0.0,0.0,8.5,1853.5384615384614,1818.923076923077,25.63,77,0.0,0.0
6.0,6.0,0.0,0.0,9.0,993.0,293.3076923076923,29.300000000000008,43,0.0,0.0
15.0,15.0,1.0,0.0,7.0,1955.3076923076924,1793.2307692307693,28.5,59,0.0,0.0
15.0,15.0,1.0,0.0,7.0,1446.0,1233.3076923076924,27.300000000000008,70,0.0,0.0
15.0,15.0,0.0,0.0,7.0,1929.4615384615386,1551.6153846153845,25.839999999999993,83,0.0,0.0
15.0,16.0,0.0,0.0,7.0,654.3076923076923,1034.076923076923,25.829999999999988,80,0.0,0.0
9.0,9.0,0.0,0.0,8.0,954.3846153846154,245.53846153846155,26.63999999999999,90,1.3900000000000003,0.0
15.0,15.0,1.0,0.0,7.0,1647.923076923077,1572.4615384615386,26.420000000000012,92,0.0,16.0
15.0,15.0,1.0,0.0,7.0,1507.6153846153845,1197.1538461538462,26.279999999999998,94,0.4100000000000001,0.0
15.0,15.0,1.0,0.0,7.0,1439.5384615384614,1282.8461538461538,26.259999999999994,94,0.29,0.0
7.0,7.0,0.0,0.0,8.0,883.5384615384615,257.2307692307692,31.75,57,0.12000000000000004,0.0
14.0,14.0,0.0,0.0,8.0,1887.6153846153845,1555.1538461538462,31.44,57,0.27,0.0
14.0,14.0,0.0,0.0,8.0,1697.2307692307693,1477.2307692307693,30.899999999999995,61,0.0,2.0
15.0,15.0,1.0,0.0,7.0,1332.4615384615386,1070.923076923077,29.509999999999994,61,0.0,2.0
15.0,15.0,1.0,0.0,7.0,1487.923076923077,1345.6923076923076,28.550000000000008,68,0.0,0.0
15.0,15.0,0.0,0.0,7.0,1749.5384615384614,1775.3076923076924,26.430000000000003,85,0.0,0.0
6.0,6.0,0.0,0.0,9.0,346.6923076923077,129.0,32.81,53,0.0,0.0
12.0,13.0,0.0,0.0,8.5,866.1538461538462,749.4615384615385,29.410000000000007,72,0.0,0.0
12.0,13.0,0.0,0.0,8.5,673.2307692307693,591.4615384615385,27.579999999999988,86,0.0,0.0
12.0,13.0,0.0,0.0,8.5,856.0,665.6923076923077,29.040000000000003,76,0.0,0.0
12.0,13.0,0.0,0.0,8.5,369.38461538461536,240.69230769230768,32.51,53,0.0,0.0
12.0,13.0,0.0,0.0,8.5,890.9230769230769,710.2307692307693,29.19,69,0.0,0.0
12.0,12.0,0.0,0.0,8.5,1970.923076923077,1051.3076923076924,33.01,59,0.0,0.0
12.0,13.0,0.0,0.0,8.5,1291.5384615384614,1130.6153846153845,28.36000000000001,73,0.0,0.0
15.0,16.0,0.0,0.0,7.0,1970.923076923077,1051.3076923076924,32.39999999999999,48,0.0,0.0
15.0,15.0,1.0,0.0,7.0,1428.076923076923,1197.8461538461538,28.480000000000004,69,0.0,0.0
15.0,15.0,0.0,0.0,7.0,1303.3846153846155,1198.5384615384614,27.37,86,0.0,0.0
15.0,15.0,1.0,0.0,7.0,1440.6923076923076,1288.1538461538462,30.170000000000012,49,0.0,0.0
15.0,16.0,1.0,0.0,7.0,1475.3076923076924,1254.6923076923076,28.550000000000008,71,0.0,0.0
9.0,9.0,0.0,0.0,7.0,948.3076923076923,253.92307692307693,29.819999999999997,55,0.0,0.0
15.0,16.0,1.0,0.0,7.0,1458.1538461538462,1228.8461538461538,28.12,73,0.0,0.0
15.0,16.0,1.0,0.0,7.0,1440.923076923077,1208.7692307692307,27.819999999999997,73,0.0,0.0
9.0,9.0,0.0,0.0,8.0,894.0,251.23076923076923,32.43,47,0.0,0.0
15.0,16.0,1.0,0.0,7.0,1534.923076923077,1336.3076923076924,29.88,51,0.0,0.0
15.0,16.0,1.0,0.0,7.0,1585.1538461538462,1153.0,27.759999999999994,68,0.0,0.0
8.0,8.0,0.0,0.0,8.0,484.3076923076923,104.84615384615384,29.160000000000007,60,0.0,0.0
15.0,15.0,0.0,0.0,7.0,1019.6923076923077,617.0,29.160000000000007,60,0.0,0.0
15.0,15.0,1.0,0.0,7.0,1201.4615384615386,1064.6153846153845,28.519999999999996,63,0.0,0.0
15.0,16.0,1.0,0.0,7.0,1351.3076923076924,1194.6923076923076,26.899999999999995,78,0.0,0.0
12.0,12.0,0.0,0.0,8.5,236.3846153846154,75.53846153846153,30.5,55,0.0,0.0
12.0,13.0,1.0,0.0,8.5,1025.1538461538462,792.3846153846154,27.240000000000006,72,0.0,0.0
12.0,13.0,1.0,0.0,8.5,1036.2307692307693,961.7692307692307,25.23,84,0.0,0.0
12.0,12.0,1.0,0.0,8.5,1580.7692307692307,1270.3076923076924,29.269999999999996,52,0.0,0.0
12.0,13.0,1.0,0.0,8.5,1323.1538461538462,1152.7692307692307,26.63999999999999,69,0.0,0.0
13.0,15.0,0.0,0.0,7.0,1934.1538461538462,1036.6153846153845,30.94,55,0.0,0.0
15.0,15.0,0.0,0.0,7.0,1573.6153846153845,1425.8461538461538,29.829999999999988,53,0.0,0.0
15.0,15.0,1.0,0.0,7.0,1424.6923076923076,1110.0,28.36000000000001,62,0.0,0.0
15.0,15.0,1.0,0.0,7.0,1377.076923076923,1289.0,28.339999999999993,62,0.0,0.0
15.0,15.0,1.0,0.0,7.0,1349.3846153846155,1258.5384615384614,27.740000000000006,66,0.0,0.0
9.0,9.0,0.0,0.0,7.0,940.8461538461538,276.53846153846155,30.62,62,0.0,0.0
15.0,16.0,1.0,0.0,7.0,1537.6923076923076,1439.3076923076924,29.790000000000003,65,0.0,0.0
15.0,16.0,0.0,0.0,7.0,1705.2307692307693,1888.7692307692307,25.779999999999998,78,0.0,0.0
14.0,14.0,0.0,0.0,7.5,944.8461538461538,249.15384615384616,32.84000000000002,40,0.0,0.0
15.0,15.0,0.0,0.0,7.0,1911.923076923077,1388.6153846153845,32.81,40,0.0,0.0
15.0,16.0,1.0,0.0,7.0,1390.6923076923076,1405.1538461538462,30.22000000000001,44,0.0,0.0
15.0,16.0,1.0,0.0,7.0,1464.8461538461538,1289.2307692307693,28.11000000000001,64,0.0,0.0
15.0,16.0,1.0,0.0,7.0,1336.5384615384614,1169.076923076923,26.899999999999995,76,0.0,0.0
15.0,16.0,0.0,0.0,7.0,1389.3846153846155,1244.076923076923,26.899999999999995,76,0.0,0.0
14.0,15.0,0.0,0.0,7.0,900.7692307692307,258.0,32.459999999999994,43,0.0,0.0
15.0,15.0,0.0,0.0,7.0,1895.6153846153845,1651.6923076923076,30.959999999999997,47,0.0,0.0
15.0,15.0,1.0,0.0,7.0,1648.3076923076924,1414.923076923077,30.56,47,0.0,0.0
15.0,15.0,1.0,0.0,7.0,1557.7692307692307,1376.923076923077,29.800000000000008,47,0.0,0.0
15.0,15.0,1.0,0.0,7.0,1536.076923076923,1357.6153846153845,28.430000000000003,62,0.0,0.0
15.0,16.0,1.0,0.0,7.0,1620.6923076923076,1281.8461538461538,28.12,62,0.0,0.0
13.0,13.0,0.0,0.0,8.0,1002.8461538461538,611.6923076923077,31.839999999999993,62,0.0,0.0
14.0,14.0,0.0,0.0,7.5,1369.3846153846155,1126.7692307692307,30.709999999999997,49,0.0,0.0
14.0,14.0,0.0,0.0,7.5,1286.7692307692307,1087.076923076923,30.040000000000003,49,0.0,0.0
14.0,14.0,1.0,0.0,7.5,1242.2307692307693,1044.4615384615386,29.569999999999997,49,0.0,0.0
15.0,15.0,1.0,0.0,7.0,1313.4615384615386,1047.3076923076924,28.290000000000003,66,0.0,0.0
12.0,13.0,1.0,0.0,8.5,975.0769230769231,765.3076923076923,28.75,55,0.0,0.0
12.0,13.0,1.0,0.0,8.5,1115.0,924.7692307692307,27.970000000000002,55,0.0,0.0
12.0,13.0,1.0,0.0,8.5,1073.4615384615386,925.8461538461538,27.160000000000007,62,0.9000000000000002,0.0
12.0,13.0,1.0,0.0,8.5,1565.8461538461538,1365.6923076923076,28.13,62,0.0,0.0
12.0,13.0,1.0,0.0,8.5,1474.3846153846155,1256.3076923076924,27.31,66,0.0,0.0
12.0,13.0,1.0,0.0,8.5,1928.3846153846155,1947.8461538461538,25.300000000000008,82,0.0,0.0
15.0,15.0,0.0,0.0,7.0,2126.846153846154,1682.7692307692307,29.0,59,0.0,0.0
15.0,15.0,1.0,0.0,7.0,1444.1538461538462,1214.076923076923,27.300000000000008,66,0.0,0.0
15.0,15.0,1.0,0.0,7.0,1353.923076923077,1231.6923076923076,27.160000000000007,66,0.0,0.0
14.0,14.0,0.0,0.0,8.0,1343.0,1628.8461538461538,27.0,62,0.0,0.0
13.0,13.0,0.0,0.0,8.0,1872.076923076923,968.0,26.399999999999995,100,0.14000000000000007,0.0
15.0,16.0,1.0,0.0,7.0,1429.6153846153845,1222.2307692307693,25.910000000000007,100,0.0,0.0
15.0,16.0,1.0,0.0,7.0,1306.5384615384614,1236.8461538461538,25.790000000000003,100,0.0,0.0
15.0,16.0,0.0,0.0,7.0,1900.2307692307693,952.7692307692307,30.38,66,0.0,0.0
15.0,16.0,0.0,0.0,7.0,1523.0,1216.3076923076924,27.350000000000005,79,0.0,0.0
15.0,16.0,0.0,0.0,7.0,1626.6923076923076,1271.076923076923,26.75,89,0.0,0.0
15.0,16.0,0.0,0.0,7.0,1623.923076923077,1373.1538461538462,26.5,89,0.0,0.0
15.0,16.0,0.0,0.0,7.0,1286.3076923076924,878.0,31.36000000000001,54,0.0,0.0
15.0,15.0,0.0,0.0,7.0,1347.4615384615386,1112.923076923077,27.31,73,0.0,0.0
15.0,15.0,0.0,0.0,7.0,1036.8461538461538,1060.3846153846155,24.85,89,0.0,0.0
12.0,13.0,0.0,0.0,8.5,913.6153846153846,752.3076923076923,28.569999999999997,77,0.0,0.0
12.0,13.0,0.0,0.0,8.5,1079.6923076923076,893.8461538461538,27.490000000000006,80,0.0,0.0
12.0,13.0,0.0,0.0,8.5,1013.0,906.6153846153846,27.180000000000003,80,0.0,0.0
12.0,13.0,0.0,0.0,8.5,849.7692307692307,757.6923076923077,25.46,48,0.0,0.0
12.0,13.0,0.0,0.0,8.5,1504.6153846153845,1371.7692307692307,27.470000000000002,73,0.0,0.0
12.0,13.0,0.0,0.0,8.5,1431.0,1072.7692307692307,27.27,76,0.0,0.0
12.0,13.0,0.0,0.0,8.5,1393.5384615384614,1317.4615384615386,27.12,76,0.0,0.0
12.0,13.0,0.0,0.0,8.5,1961.923076923077,1672.6153846153845,25.529999999999998,86,0.0,0.0
13.0,14.0,0.0,0.0,7.5,946.0,285.38461538461536,31.790000000000003,64,0.0,0.0
15.0,15.0,0.0,0.0,7.0,2225.0,1630.1538461538462,31.430000000000003,64,0.0,0.0
15.0,15.0,0.0,0.0,7.0,918.7692307692307,275.3076923076923,31.430000000000003,51,0.0,0.0
15.0,16.0,0.0,0.0,7.0,2268.153846153846,1690.076923076923,31.399999999999995,51,0.0,0.0
15.0,15.0,0.0,0.0,7.0,1474.3846153846155,1247.7692307692307,27.5,69,0.0,0.0
15.0,15.0,0.0,0.0,7.0,882.3076923076923,254.6153846153846,30.36000000000001,66,0.0,0.0
15.0,15.0,0.0,0.0,7.0,2222.3076923076924,1549.076923076923,30.019999999999996,66,0.0,0.0
15.0,15.0,0.0,0.0,7.0,1709.923076923077,1470.3076923076924,28.550000000000008,63,0.0,0.0
15.0,16.0,0.0,0.0,7.0,1898.3076923076924,1909.4615384615386,26.11000000000001,78,0.0,0.0
15.0,16.0,0.0,0.0,7.0,1779.4615384615386,931.8461538461538,31.62,60,0.0,0.0
15.0,15.0,0.0,0.0,7.0,1522.5384615384614,1299.2307692307693,27.819999999999997,71,0.0,0.0
8.0,9.0,0.0,0.0,8.5,351.3076923076923,118.76923076923077,29.800000000000008,54,0.0,0.0
12.0,13.0,0.0,0.0,8.5,1312.0,1041.3076923076924,27.300000000000008,70,0.0,0.0
12.0,13.0,0.0,0.0,8.5,1366.3076923076924,1166.0,26.98,70,0.0,0.0
12.0,13.0,0.0,0.0,8.5,1408.0,1235.1538461538462,26.050000000000008,76,0.0,0.0
12.0,13.0,0.0,0.0,8.5,1241.3076923076924,1242.923076923077,25.389999999999993,79,0.0,0.0
12.0,13.0,0.0,0.0,8.5,597.2307692307693,449.15384615384613,30.47000000000001,55,0.0,0.0
12.0,13.0,0.0,0.0,8.5,960.0769230769231,730.5384615384615,28.180000000000003,73,0.0,0.0
12.0,13.0,0.0,0.0,8.5,1119.8461538461538,1004.3076923076923,27.079999999999988,70,0.0,0.0
7.0,7.0,0.0,0.0,9.0,1019.7692307692307,313.9230769230769,31.19,54,0.29999999999999993,0.0
12.0,13.0,0.0,0.0,8.5,2066.5384615384614,1496.0,30.550000000000008,54,0.29999999999999993,0.0
12.0,13.0,0.0,0.0,8.5,1448.6153846153845,1297.076923076923,27.300000000000008,56,0.0,0.0
12.0,13.0,0.0,0.0,8.5,1503.5384615384614,1242.076923076923,27.399999999999995,70,0.0,0.0
12.0,13.0,0.0,0.0,8.5,1428.7692307692307,1244.0,27.100000000000005,70,0.0,0.0
12.0,13.0,0.0,0.0,8.5,1855.8461538461538,1851.6923076923076,25.63,85,0.0,0.0
15.0,16.0,0.0,0.0,7.0,1193.3076923076924,703.0,27.88999999999999,68,0.0,0.0
15.0,16.0,0.0,0.0,7.0,889.7692307692307,984.2307692307693,27.259999999999994,78,0.0,0.0
15.0,15.0,0.0,0.0,7.0,1392.3076923076924,1177.4615384615386,28.089999999999993,75,0.0,0.0
13.0,13.0,0.0,0.0,8.0,897.3076923076923,265.61538461538464,31.31,56,0.0,0.0
13.0,13.0,0.0,0.0,8.0,1855.3076923076924,964.6153846153846,31.63,56,0.0,0.0
15.0,16.0,0.0,0.0,7.0,1630.923076923077,1340.923076923077,28.13,69,0.0,0.0
15.0,16.0,0.0,0.0,7.0,1750.076923076923,1535.2307692307693,26.899999999999995,85,0.0,0.0
15.0,16.0,0.0,0.0,7.0,2076.846153846154,1721.0,26.509999999999994,86,0.0,0.0
14.0,14.0,0.0,0.0,7.5,973.5384615384615,581.2307692307693,30.759999999999994,55,1.5,0.0
15.0,15.0,0.0,0.0,7.0,1326.923076923077,1072.5384615384614,27.420000000000012,78,0.29999999999999993,0.0
15.0,16.0,0.0,0.0,7.0,1501.5384615384614,1198.5384615384614,27.410000000000007,78,0.29999999999999993,0.0
15.0,16.0,0.0,0.0,7.0,1766.076923076923,1702.2307692307693,26.930000000000003,83,0.0,0.0
12.0,13.0,0.0,0.0,8.5,1002.4615384615385,816.9230769230769,30.25,54,0.0,0.0
12.0,13.0,0.0,0.0,8.5,1055.1538461538462,870.1538461538462,28.100000000000005,68,0.0,0.0
12.0,13.0,0.0,0.0,8.5,1197.076923076923,940.6923076923077,27.77,68,0.0,0.0
12.0,12.0,0.0,0.0,8.5,1934.1538461538462,1356.3076923076924,30.38,62,0.0,0.0
12.0,13.0,0.0,0.0,8.5,1474.5384615384614,1160.3846153846155,28.730000000000004,66,0.0,0.0
12.0,13.0,0.0,0.0,8.5,1463.7692307692307,1196.0,27.300000000000008,81,0.0,0.0
7.0,7.0,0.0,0.0,7.0,916.3076923076923,250.3846153846154,31.050000000000008,46,0.0,0.0
15.0,15.0,0.0,0.0,7.0,1549.7692307692307,1427.923076923077,29.660000000000007,62,0.0,0.0
14.0,14.0,0.0,0.0,7.5,1753.2307692307693,929.3846153846154,30.88,62,0.0,0.0
14.0,14.0,0.0,0.0,7.5,2313.0,1566.3076923076924,30.94,62,0.0,0.0
15.0,16.0,1.0,0.0,7.0,1522.4615384615386,1339.3846153846155,27.63,72,0.0,0.0
15.0,16.0,1.0,0.0,7.0,1660.1538461538462,1287.923076923077,27.319999999999997,72,0.0,0.0
15.0,15.0,1.0,0.0,7.0,1583.7692307692307,1402.2307692307693,26.529999999999998,83,0.0,0.0
15.0,15.0,0.0,0.0,7.0,1829.5384615384614,1866.6153846153845,25.44,91,0.0,0.0
15.0,16.0,1.0,0.0,6.5,1356.0,1051.1538461538462,25.31,91,0.0,9.5
15.0,15.0,0.0,0.0,7.0,1227.6923076923076,1377.7692307692307,24.9,95,0.29999999999999993,0.0
12.0,13.0,1.0,0.0,8.0,2059.0,1572.2307692307693,29.61000000000001,63,0.0,0.0
12.0,13.0,1.0,0.0,8.0,1615.6923076923076,1382.923076923077,27.12,77,0.0,0.0
12.0,13.0,1.0,0.0,8.0,1708.076923076923,1403.923076923077,26.829999999999988,77,0.0,0.0
12.0,13.0,1.0,0.0,8.0,1830.8461538461538,1816.5384615384614,25.009999999999994,90,0.0,0.0
15.0,16.0,1.0,0.0,6.5,1817.076923076923,1638.7692307692307,28.77999999999999,68,0.0,0.0
15.0,16.0,1.0,0.0,6.5,1680.0,1340.3846153846155,27.170000000000012,69,0.0,0.0
15.0,16.0,1.0,0.0,6.5,1817.923076923077,1536.2307692307693,25.62,84,0.0,0.0
15.0,16.0,1.0,0.0,6.5,1591.5384615384614,1504.3846153846155,26.800000000000008,67,0.0,0.0
15.0,16.0,1.0,0.0,6.5,1657.2307692307693,1303.076923076923,26.800000000000008,67,0.0,0.0
10.0,14.0,0.0,0.0,7.0,807.6923076923077,216.30769230769232,30.040000000000003,54,0.0,0.0
15.0,16.0,1.0,0.0,6.5,2164.923076923077,1383.076923076923,29.69,54,0.0,0.0
15.0,15.0,1.0,0.0,6.5,1705.923076923077,1463.2307692307693,28.459999999999997,56,0.0,0.0
15.0,15.0,1.0,0.0,6.5,1630.1538461538462,1383.7692307692307,26.56,72,0.0,0.0
15.0,15.0,1.0,0.0,6.5,1757.4615384615386,1519.1538461538462,26.48,72,0.0,0.0
15.0,16.0,1.0,0.0,6.5,1891.3076923076924,1395.076923076923,28.13999999999999,54,0.0,0.0
15.0,15.0,1.0,0.0,6.5,1679.923076923077,1380.076923076923,26.720000000000002,70,0.0,0.0
15.0,15.0,1.0,0.0,6.5,1827.7692307692307,1899.8461538461538,25.75,79,0.29999999999999993,0.0
14.0,14.0,1.0,0.0,7.0,849.3076923076923,519.6153846153846,28.220000000000002,73,0.0,0.0
15.0,16.0,1.0,0.0,6.5,1184.923076923077,877.8461538461538,28.550000000000008,73,0.0,0.0
15.0,16.0,1.0,0.0,6.5,1427.6153846153845,1153.5384615384614,27.029999999999998,82,0.0,0.0
15.0,16.0,1.0,0.0,6.5,1564.2307692307693,1232.1538461538462,26.94,82,0.0,0.0
15.0,16.0,1.0,0.0,6.5,1032.4615384615386,1024.6923076923076,25.009999999999994,94,0.0,0.0
12.0,13.0,1.0,0.0,8.0,1155.0,926.1538461538462,26.73,79,0.0,0.0
12.0,13.0,1.0,0.0,8.0,1256.076923076923,1102.4615384615386,26.06,89,0.5,0.0
12.0,13.0,1.0,0.0,8.0,1472.6153846153845,1199.2307692307693,24.550000000000008,91,11.099999999999996,0.0
12.0,13.0,1.0,0.0,8.0,1590.7692307692307,1283.8461538461538,24.779999999999998,91,10.8,0.0
12.0,13.0,1.0,0.0,8.0,1332.076923076923,1419.2307692307693,23.930000000000003,93,0.0,3.5
12.0,13.0,0.0,0.0,8.5,852.1538461538462,763.3846153846154,25.160000000000004,93,0.0,0.0
12.0,13.0,0.0,0.0,8.5,858.7692307692307,719.1538461538462,25.4,93,0.0,0.0
12.0,12.0,0.0,0.0,8.5,362.61538461538464,302.61538461538464,29.81,71,0.0,0.0
12.0,12.0,0.0,0.0,8.5,451.84615384615387,327.46153846153845,30.12,60,0.0,0.0
14.0,14.0,0.0,0.0,7.5,1365.7692307692307,766.8461538461538,29.47000000000001,75,0.0,0.0
15.0,15.0,0.0,0.0,7.0,1290.4615384615386,1016.9230769230769,28.27,74,0.0,0.0
15.0,15.0,0.0,0.0,7.0,1308.2307692307693,1306.1538461538462,25.98,90,0.0,0.0
15.0,16.0,0.0,0.0,7.0,1100.3076923076924,1116.923076923077,24.240000000000006,92,0.0,0.0
15.0,16.0,0.0,0.0,7.0,1457.2307692307693,1184.2307692307693,27.470000000000002,70,0.0,0.0
15.0,16.0,0.0,0.0,7.0,1571.3076923076924,1216.3076923076924,27.180000000000003,70,0.0,0.0
15.0,16.0,0.0,0.0,7.0,1440.3076923076924,1445.923076923077,25.62,80,0.0,0.0
15.0,15.0,0.0,0.0,7.0,719.6923076923077,393.38461538461536,26.029999999999998,83,0.25,0.0
15.0,16.0,0.0,0.0,7.0,1224.6923076923076,970.7692307692307,24.67000000000001,89,0.0,0.0
15.0,16.0,0.0,0.0,7.0,806.5384615384615,823.3076923076923,24.759999999999994,96,0.0,0.0
12.0,13.0,0.0,0.0,8.5,998.2307692307693,800.7692307692307,24.35,76,2.5399999999999996,0.0
12.0,13.0,0.0,0.0,8.5,634.0,591.5384615384615,24.6,79,0.0,0.0
12.0,13.0,0.0,0.0,8.5,1.0769230769230769,190.84615384615384,26.13999999999999,88,0.0,0.0
12.0,13.0,0.0,0.0,8.5,906.6923076923077,776.8461538461538,24.35,89,0.5,0.0
12.0,13.0,0.0,0.0,8.5,2.6153846153846154,377.7692307692308,23.87,94,0.5,0.0
12.0,13.0,0.0,0.0,8.5,628.1538461538462,550.7692307692307,24.930000000000003,91,0.0,4.5
12.0,13.0,0.0,0.0,8.5,570.2307692307693,461.38461538461536,24.860000000000007,93,0.0,0.0
12.0,13.0,0.0,0.0,8.5,521.7692307692307,530.6153846153846,23.970000000000002,91,0.0,0.0
9.0,12.0,0.0,0.0,8.5,183.92307692307693,31.53846153846154,28.519999999999996,61,0.0,0.0
12.0,12.0,0.0,0.0,8.5,623.3846153846154,414.15384615384613,25.57999999999999,67,1.2699999999999998,0.0
15.0,15.0,0.0,0.0,7.0,1537.6153846153845,1267.5384615384614,29.839999999999993,54,0.0,0.0
15.0,16.0,0.0,0.0,7.0,1328.4615384615386,1028.923076923077,26.300000000000008,78,0.0,0.0
15.0,16.0,0.0,0.0,7.0,2147.076923076923,1743.2307692307693,28.69,66,0.0,0.0
15.0,16.0,0.0,0.0,7.0,1582.923076923077,1299.3846153846155,26.73,80,0.0,0.0
15.0,16.0,0.0,0.0,7.0,1955.3846153846155,1042.1538461538462,30.649999999999995,48,0.0,0.0
15.0,16.0,0.0,0.0,7.0,1894.076923076923,1707.4615384615386,28.699999999999992,56,0.0,0.0
15.0,15.0,0.0,0.0,7.0,1644.6153846153845,1472.6923076923076,26.420000000000012,67,0.0,0.0
12.0,13.0,0.0,0.0,8.5,1333.1538461538462,1073.8461538461538,26.660000000000007,86,0.0,0.0
12.0,13.0,0.0,0.0,8.5,1177.8461538461538,1130.6923076923076,25.110000000000007,90,0.0,0.0
12.0,13.0,0.0,0.0,8.5,1047.4615384615386,847.0,26.420000000000012,70,0.0,0.0
12.0,13.0,0.0,0.0,8.5,1089.1538461538462,953.8461538461538,25.009999999999994,84,0.0,0.0
15.0,15.0,0.0,0.0,7.0,2180.923076923077,1663.8461538461538,28.72000000000001,48,0.0,0.0
15.0,16.0,0.0,0.0,7.0,1716.2307692307693,1547.923076923077,28.13999999999999,59,0.0,0.0
15.0,15.0,0.0,0.0,7.0,1789.4615384615386,1984.923076923077,24.92000000000001,84,0.0,0.0
15.0,16.0,0.0,0.0,7.0,1649.6923076923076,1411.923076923077,26.709999999999997,70,0.0,0.0
15.0,16.0,0.0,0.0,7.0,1896.076923076923,1527.7692307692307,25.81,77,0.0,0.0
12.0,13.0,0.0,0.0,8.5,977.9230769230769,854.7692307692307,24.300000000000008,86,0.0,0.0
15.0,15.0,0.0,0.0,7.0,2241.230769230769,1790.6923076923076,30.300000000000008,42,0.0,0.0
15.0,16.0,0.0,0.0,7.0,2047.2307692307693,1880.5384615384614,25.110000000000007,77,0.0,0.0
14.0,15.0,0.0,0.0,7.0,1091.1538461538462,405.9230769230769,30.11000000000001,41,0.0,0.0
15.0,15.0,0.0,0.0,7.0,2086.3846153846152,1187.923076923077,29.12,45,0.0,0.0
15.0,15.0,0.0,0.0,7.0,2383.6923076923076,1761.3846153846155,29.31,45,0.0,0.0
12.0,13.0,0.0,0.0,8.5,1722.3076923076924,1441.1538461538462,25.509999999999994,76,0.0,0.0
7.0,7.0,0.0,0.0,9.0,261.0,113.46153846153847,29.75,45,0.0,0.0
15.0,16.0,0.0,0.0,7.0,2061.923076923077,1863.3076923076924,29.47000000000001,55,0.0,0.0
15.0,16.0,0.0,0.0,7.0,1865.2307692307693,1911.4615384615386,25.69,74,0.0,0.0
15.0,16.0,1.0,0.0,6.5,2090.230769230769,1246.8461538461538,28.77999999999999,57,0.0,0.0
15.0,15.0,1.0,0.0,6.5,1548.6923076923076,1480.076923076923,25.48,74,0.0,0.0
15.0,15.0,1.0,0.0,6.5,2082.6153846153848,1159.3076923076924,28.77999999999999,55,0.0,0.0
15.0,16.0,1.0,0.0,6.5,1652.5384615384614,1385.3076923076924,26.98,66,0.0,0.0
15.0,15.0,1.0,0.0,6.5,1821.6153846153845,1806.0,25.81,76,0.0,0.0
15.0,15.0,1.0,0.0,6.5,1718.076923076923,1497.4615384615386,26.02,63,0.0,0.0
15.0,16.0,1.0,0.0,6.5,1614.3846153846155,1825.076923076923,24.44,83,0.0,0.0
12.0,13.0,1.0,0.0,8.0,1680.6923076923076,1399.7692307692307,24.360000000000007,61,0.0,0.0
12.0,12.0,1.0,0.0,8.0,456.46153846153845,305.46153846153845,27.31,53,0.0,0.0
12.0,13.0,1.0,0.0,8.0,1015.6923076923077,718.5384615384615,24.050000000000008,75,0.0,0.0
11.0,11.0,0.0,0.0,8.0,1010.3076923076923,383.61538461538464,26.410000000000007,72,0.0,0.0
11.0,11.0,1.0,0.0,8.5,1853.3846153846155,1013.8461538461538,25.759999999999994,72,0.0,0.0
15.0,16.0,1.0,0.0,6.5,2247.6923076923076,1911.8461538461538,27.410000000000007,54,0.0,0.0
15.0,15.0,1.0,0.0,6.5,1733.8461538461538,1489.7692307692307,26.88999999999999,54,0.0,0.0
15.0,15.0,0.0,0.0,7.0,2012.8461538461538,2051.076923076923,24.48,71,0.0,0.0
12.0,12.0,0.0,0.0,8.5,544.5384615384615,197.92307692307693,28.63999999999999,49,0.0,0.0
12.0,13.0,0.0,0.0,8.5,1637.3846153846155,1321.5384615384614,25.800000000000008,66,0.0,0.0
12.0,13.0,0.0,0.0,8.5,1704.076923076923,1397.6153846153845,25.110000000000007,68,0.0,0.0
12.0,13.0,0.0,0.0,8.5,1069.6153846153845,875.3076923076923,26.420000000000012,70,0.0,0.0
12.0,13.0,0.0,0.0,8.5,1084.8461538461538,945.6153846153846,25.23,79,0.0,0.0
12.0,13.0,0.0,0.0,8.5,964.3076923076923,827.3846153846154,24.740000000000006,79,0.0,0.0
14.0,14.0,0.0,0.0,7.5,2309.846153846154,1927.7692307692307,28.980000000000004,48,0.0,0.0
14.0,14.0,0.0,0.0,7.5,1750.7692307692307,1529.076923076923,25.839999999999993,62,0.0,0.0
15.0,15.0,0.0,0.0,7.0,1647.076923076923,1498.2307692307693,25.319999999999997,62,0.0,0.0
15.0,15.0,0.0,0.0,7.0,2064.769230769231,1798.8461538461538,23.4,75,0.0,0.0
14.0,14.0,0.0,0.0,7.5,2139.230769230769,1825.2307692307693,29.730000000000004,40,0.0,0.0
14.0,15.0,0.0,0.0,7.5,2123.153846153846,1773.2307692307693,29.52999999999999,40,0.0,0.0
14.0,14.0,0.0,0.0,7.5,1646.4615384615386,1365.4615384615386,26.569999999999997,58,0.0,0.0
14.0,14.0,0.0,0.0,7.5,1651.3076923076924,1422.923076923077,26.38999999999999,58,0.0,0.0
14.0,14.0,0.0,0.0,7.5,2203.230769230769,1724.0,29.769999999999996,44,0.0,0.0
15.0,15.0,0.0,0.0,7.0,1688.1538461538462,1598.6923076923076,29.569999999999997,49,0.0,0.0
15.0,15.0,0.0,0.0,7.0,1653.6153846153845,1417.8461538461538,26.62,58,0.0,0.0
14.0,14.0,0.0,0.0,7.5,1536.6153846153845,1561.1538461538462,25.75,63,0.0,0.0
12.0,13.0,0.0,0.0,8.5,1268.076923076923,1021.3846153846154,27.31,58,0.0,0.0
12.0,13.0,0.0,0.0,8.5,969.0769230769231,965.3076923076923,24.970000000000002,78,0.0,0.0
12.0,13.0,0.0,0.0,8.5,898.6153846153846,709.0,27.449999999999992,55,0.0,0.0
12.0,13.0,0.0,0.0,8.5,935.0,798.0769230769231,26.600000000000005,65,0.0,0.0
12.0,13.0,0.0,0.0,8.5,806.3846153846154,726.6923076923077,24.610000000000007,84,0.0,0.0
15.0,15.0,0.0,0.0,7.0,2009.6153846153845,1701.2307692307693,29.13,44,0.0,0.0
15.0,16.0,0.0,0.0,7.0,1656.4615384615386,1523.3076923076924,28.38999999999999,44,0.0,0.0
15.0,16.0,0.0,0.0,7.0,1550.8461538461538,1364.6153846153845,26.63999999999999,57,0.0,0.0
15.0,15.0,0.0,0.0,7.0,1648.923076923077,1402.6923076923076,25.44,61,0.0,0.0
15.0,15.0,0.0,0.0,7.0,1982.6923076923076,1957.7692307692307,24.81,68,0.0,0.0
15.0,15.0,0.0,0.0,7.0,1529.3846153846155,1294.7692307692307,27.100000000000005,59,0.0,0.0
15.0,15.0,0.0,0.0,7.0,1780.5384615384614,1831.6153846153845,25.07999999999999,78,0.0,0.0
14.0,14.0,0.0,0.0,7.5,1994.3076923076924,1048.923076923077,26.319999999999997,88,0.5,0.0
15.0,15.0,0.0,0.0,7.0,2285.5384615384614,1775.5384615384614,25.29,88,0.5,0.0
15.0,15.0,0.0,0.0,7.0,1632.2307692307693,1440.2307692307693,28.44,50,0.0,0.0
15.0,15.0,0.0,0.0,7.0,1441.3076923076924,1261.8461538461538,25.649999999999995,60,0.0,0.0
15.0,15.0,0.0,0.0,7.0,1512.4615384615386,1368.1538461538462,25.589999999999996,60,0.0,0.0
15.0,15.0,0.0,0.0,7.0,2137.846153846154,1084.6153846153845,30.490000000000006,39,0.0,0.0
15.0,15.0,0.0,0.0,7.0,1708.7692307692307,1549.1538461538462,28.19,43,0.0,0.0
15.0,15.0,0.0,0.0,7.0,1080.923076923077,923.3076923076923,26.259999999999994,60,0.0,0.0
15.0,15.0,0.0,0.0,7.0,1830.8461538461538,1454.8461538461538,25.069999999999997,68,0.0,0.0
15.0,15.0,0.0,0.0,7.0,2075.846153846154,2063.3076923076924,24.13,76,0.0,0.0
15.0,16.0,0.0,0.0,7.0,1860.0,1884.7692307692307,24.509999999999994,67,0.0,0.0
15.0,15.0,0.0,0.0,7.0,1746.6923076923076,1080.6923076923076,30.77999999999999,52,0.0,0.0
15.0,15.0,0.0,0.0,7.0,2281.6923076923076,2016.7692307692307,29.11000000000001,54,0.0,0.0
15.0,15.0,0.0,0.0,7.0,2191.769230769231,2133.3076923076924,24.509999999999994,72,5.079999999999999,0.0
12.0,13.0,0.0,0.0,8.5,1304.7692307692307,1084.1538461538462,27.86000000000001,47,0.0,0.0
12.0,13.0,0.0,0.0,8.5,1587.3846153846155,1293.923076923077,26.11000000000001,61,0.0,0.0
12.0,13.0,0.0,0.0,8.5,1285.5384615384614,1324.8461538461538,23.96,79,5.079999999999999,0.0
12.0,13.0,0.0,0.0,8.5,979.1538461538462,764.5384615384615,29.06,45,0.0,0.0
12.0,13.0,0.0,0.0,8.5,996.6153846153846,859.3076923076923,26.529999999999998,58,0.0,0.0
12.0,13.0,0.0,0.0,8.5,877.3076923076923,833.8461538461538,24.089999999999996,76,0.0,0.0
12.0,13.0,0.0,0.0,8.5,971.4615384615385,770.6153846153846,28.930000000000003,50,5.079999999999999,0.0
12.0,13.0,0.0,0.0,8.5,1062.3846153846155,836.5384615384615,26.75,60,5.079999999999999,0.0
7.0,7.0,0.0,0.0,7.5,1108.1538461538462,441.9230769230769,29.410000000000007,53,5.079999999999999,0.0
15.0,15.0,0.0,0.0,7.0,1482.2307692307693,1677.6923076923076,23.44,83,0.0,0.0
14.0,14.0,0.0,0.0,7.5,1001.4615384615385,409.7692307692308,29.62,42,5.079999999999999,0.0
15.0,15.0,0.0,0.0,7.0,2413.6153846153848,1767.2307692307693,29.170000000000012,42,5.079999999999999,0.0
15.0,15.0,0.0,0.0,7.0,1914.7692307692307,1790.0,28.02,54,5.079999999999999,0.0
15.0,15.0,0.0,0.0,7.0,2157.230769230769,1861.3076923076924,24.759999999999994,70,0.0,0.0
15.0,15.0,0.0,0.0,7.0,2353.6923076923076,1880.1538461538462,29.670000000000012,56,0.0,0.0
15.0,15.0,0.0,0.0,7.0,1591.6153846153845,1672.3076923076924,23.360000000000007,82,0.0,0.0
14.0,14.0,0.0,0.0,7.5,2265.846153846154,1715.1538461538462,29.600000000000005,50,5.079999999999999,0.0
15.0,15.0,0.0,0.0,7.0,1969.5384615384614,1900.4615384615386,24.660000000000004,76,0.0,0.0
15.0,15.0,0.0,0.0,7.0,1584.8461538461538,1927.6153846153845,23.75,83,0.0,0.0
12.0,13.0,0.0,0.0,8.5,1580.8461538461538,1247.2307692307693,26.75,52,5.079999999999999,0.0
12.0,13.0,0.0,0.0,8.5,1502.3076923076924,1490.7692307692307,23.88,73,0.0,0.0
12.0,12.0,0.0,0.0,8.5,960.2307692307693,766.7692307692307,30.199999999999992,43,0.0,0.0
12.0,13.0,0.0,0.0,8.5,1000.5384615384615,858.0,25.930000000000003,74,0.0,0.0
7.0,7.0,0.0,0.0,8.5,720.2307692307693,318.15384615384613,31.61000000000001,48,0.0,0.0
13.0,14.0,0.0,0.0,8.0,2139.846153846154,831.2307692307693,31.69,48,0.0,0.0
14.0,14.0,0.0,0.0,7.5,2084.3076923076924,1573.076923076923,31.980000000000004,49,0.0,0.0
15.0,15.0,0.0,0.0,7.0,2077.923076923077,1810.5384615384614,26.36000000000001,68,0.0,0.0
9.0,9.0,0.0,0.0,7.5,869.3076923076923,302.9230769230769,31.410000000000007,50,0.0,0.0
13.0,13.0,0.0,0.0,8.0,1612.923076923077,1480.923076923077,28.490000000000006,56,5.079999999999999,0.0
13.0,14.0,0.0,0.0,7.0,1050.3076923076924,380.84615384615387,31.88999999999999,48,0.0,0.0
14.0,14.0,0.0,0.0,7.5,1948.6923076923076,1481.7692307692307,31.660000000000007,48,0.0,0.0
14.0,14.0,0.0,0.0,7.5,1598.4615384615386,1401.5384615384614,27.88999999999999,62,5.079999999999999,0.0
14.0,14.0,0.0,0.0,7.5,1508.0,1358.076923076923,27.569999999999997,62,5.079999999999999,0.0
14.0,14.0,0.0,0.0,7.5,1573.2307692307693,1473.5384615384614,27.569999999999997,61,5.079999999999999,0.0
15.0,15.0,0.0,0.0,7.0,2098.4615384615386,1808.0,26.11000000000001,64,0.0,0.0
9.0,9.0,0.0,0.0,7.5,803.3076923076923,165.53846153846155,31.75,49,0.0,0.0
15.0,15.0,1.0,0.0,6.5,2086.076923076923,1076.7692307692307,31.069999999999997,49,0.0,0.0
15.0,15.0,1.0,0.0,6.5,1210.6923076923076,1346.4615384615386,31.56,49,0.0,0.0
15.0,15.0,1.0,0.0,6.5,1795.3076923076924,1210.3076923076924,30.5,38,5.079999999999999,0.0
15.0,15.0,1.0,0.0,6.5,1207.1538461538462,1524.1538461538462,25.529999999999998,62,0.0,0.0
15.0,15.0,1.0,0.0,6.5,1587.923076923077,1345.8461538461538,27.48,70,0.0,0.0
14.0,14.0,1.0,0.0,7.0,1337.3076923076924,1562.7692307692307,24.98,78,0.0,0.0
14.0,14.0,0.0,0.0,7.5,2188.3846153846152,1167.923076923077,32.02999999999999,52,0.0,0.0
14.0,14.0,0.0,0.0,7.5,2152.5384615384614,1819.8461538461538,31.420000000000012,54,0.0,0.0
14.0,14.0,0.0,0.0,7.5,1585.6153846153845,1376.5384615384614,27.970000000000002,79,0.0,0.0
15.0,15.0,0.0,0.0,7.0,1439.6153846153845,1301.5384615384614,27.819999999999997,48,0.0,0.0
14.0,14.0,0.0,0.0,7.5,2104.3846153846152,1836.2307692307693,26.31,62,0.0,0.0
10.0,11.0,0.0,0.0,7.0,1031.6153846153845,353.0769230769231,32.11000000000001,51,0.0,0.0
15.0,15.0,0.0,0.0,7.0,2074.846153846154,1224.3076923076924,32.22000000000001,51,0.0,0.0
12.0,13.0,0.0,0.0,8.5,1114.3076923076924,871.0769230769231,28.050000000000008,55,0.0,0.0
12.0,13.0,0.0,0.0,8.5,964.1538461538462,880.5384615384615,25.740000000000006,72,0.0,0.0
15.0,15.0,0.0,0.0,7.0,1981.3076923076924,1149.3846153846155,32.35000000000001,37,0.0,0.0
15.0,15.0,0.0,0.0,7.0,2104.3076923076924,1808.3076923076924,31.259999999999994,41,0.0,0.0
15.0,15.0,0.0,0.0,7.0,1595.0,1330.0,27.63,60,5.079999999999999,0.0
14.0,14.0,0.0,0.0,7.5,2073.4615384615386,1895.4615384615386,25.680000000000003,75,0.0,0.0
15.0,15.0,0.0,0.0,7.0,2403.846153846154,1702.4615384615386,32.35000000000001,40,0.0,0.0
15.0,15.0,0.0,0.0,7.0,2056.6153846153848,1749.0,26.220000000000002,76,0.0,0.0
12.0,12.0,0.0,0.0,7.5,1072.8461538461538,396.38461538461536,33.09000000000002,34,0.0,0.0
15.0,15.0,0.0,0.0,7.0,1447.923076923077,1597.8461538461538,25.32999999999999,75,0.0,0.0
12.0,14.0,0.0,0.0,7.0,1012.7692307692307,394.0,32.519999999999996,41,0.0,0.0
15.0,15.0,0.0,0.0,7.0,2067.6153846153848,1170.076923076923,32.769999999999996,41,0.0,0.0
15.0,15.0,0.0,0.0,7.0,2189.3846153846152,1782.3846153846155,26.38,66,0.0,0.0
15.0,15.0,0.0,0.0,7.0,2055.923076923077,1940.8461538461538,26.050000000000008,66,0.0,0.0
12.0,12.0,0.0,0.0,8.5,1375.8461538461538,1140.4615384615386,30.63999999999999,53,0.0,0.0
12.0,12.0,0.0,0.0,8.5,484.84615384615387,336.38461538461536,32.60000000000001,30,0.0,0.0
12.0,12.0,0.0,0.0,8.5,1005.9230769230769,830.6923076923077,27.990000000000006,47,0.0,0.0
13.0,14.0,0.0,0.0,8.0,2041.2307692307693,1099.2307692307693,31.259999999999994,53,0.0,0.0
15.0,15.0,0.0,0.0,7.0,674.6153846153846,1019.3846153846154,24.92000000000001,77,0.0,0.0
14.0,14.0,0.0,0.0,7.5,1075.076923076923,370.7692307692308,32.34000000000002,44,0.0,0.0
15.0,15.0,0.0,0.0,7.0,2204.3846153846152,1961.4615384615386,27.300000000000008,57,0.0,0.0
9.0,12.0,0.0,0.0,7.5,1083.1538461538462,382.7692307692308,31.839999999999993,43,0.0,0.0
15.0,15.0,0.0,0.0,7.0,1568.923076923077,1301.2307692307693,28.13,52,0.0,0.0
14.0,14.0,0.0,0.0,7.5,2029.3846153846155,1963.8461538461538,26.81,62,0.0,0.0
14.0,14.0,0.0,0.0,7.5,1770.4615384615386,1878.4615384615386,26.81,62,0.0,0.0
12.0,13.0,0.0,0.0,8.0,1034.1538461538462,390.9230769230769,32.51,56,0.0,0.0
15.0,15.0,0.0,0.0,7.0,1548.6923076923076,1323.8461538461538,28.94,62,0.0,0.0
9.0,9.0,0.0,0.0,8.5,1015.3076923076923,374.61538461538464,33.09000000000002,47,0.0,0.0
12.0,13.0,0.0,0.0,8.5,1391.3846153846155,1286.1538461538462,27.94,63,0.0,0.0
12.0,13.0,0.0,0.0,8.5,1447.3846153846155,1205.6923076923076,27.079999999999988,65,0.0,0.0
12.0,13.0,0.0,0.0,8.5,1051.4615384615386,822.9230769230769,28.660000000000007,56,0.0,0.0
12.0,13.0,0.0,0.0,8.5,979.1538461538462,860.8461538461538,27.759999999999994,59,0.0,0.0
8.0,8.0,0.0,0.0,7.0,1149.1538461538462,407.84615384615387,32.85000000000001,52,0.0,0.0
15.0,16.0,0.0,0.0,7.0,2040.3076923076924,1595.3846153846155,32.269999999999996,52,0.0,0.0
15.0,15.0,0.0,0.0,7.0,1458.3076923076924,1390.8461538461538,26.81,63,0.0,0.0
15.0,15.0,0.0,0.0,7.0,2015.4615384615386,1677.3076923076924,26.240000000000006,75,0.0,0.0
11.0,12.0,0.0,0.0,7.5,1100.6153846153845,388.46153846153845,32.51,47,0.0,0.0
15.0,15.0,0.0,0.0,7.0,1552.1538461538462,1325.2307692307693,28.490000000000006,66,0.0,0.0
16.0,16.0,0.0,0.0,7.0,1912.5384615384614,1832.5384615384614,26.720000000000002,62,0.0,0.0
8.0,10.0,0.0,0.0,8.0,1113.4615384615386,388.6923076923077,32.40999999999998,50,0.0,0.0
14.0,14.0,0.0,0.0,7.5,2120.0,1205.6153846153845,32.32999999999999,50,0.0,0.0
14.0,14.0,0.0,0.0,7.5,1580.6153846153845,1331.076923076923,29.13999999999999,49,0.0,0.0
14.0,14.0,0.0,0.0,7.5,1593.6923076923076,1334.8461538461538,28.97000000000001,49,0.0,0.0
14.0,14.0,0.0,0.0,7.5,1451.3076923076924,1298.3076923076924,28.63999999999999,49,0.0,0.0
13.0,13.0,0.0,0.0,8.0,2033.8461538461538,1763.6923076923076,32.5,42,0.0,0.0
15.0,15.0,0.0,0.0,7.0,1747.3076923076924,1734.4615384615386,32.06,42,0.0,0.0
8.0,8.0,0.0,0.0,9.0,1019.6153846153846,367.7692307692308,33.39999999999999,51,0.0,0.0
14.0,14.0,0.0,0.0,7.5,1579.3076923076924,1342.3076923076924,32.519999999999996,44,0.0,0.0
14.0,14.0,0.0,0.0,7.5,1521.4615384615386,1250.3846153846155,30.290000000000003,59,0.0,0.0
12.0,13.0,0.0,0.0,8.5,1033.6153846153845,719.0769230769231,33.949999999999996,48,0.0,0.0
12.0,13.0,0.0,0.0,8.5,981.0,789.3846153846154,30.38,57,0.0,0.0
12.0,12.0,0.0,0.0,8.5,888.6923076923077,788.1538461538462,28.88,67,0.0,0.0
14.0,14.0,0.0,0.0,7.5,1525.923076923077,1278.923076923077,32.0,39,0.0,0.0
15.0,15.0,0.0,0.0,7.0,1556.5384615384614,1387.923076923077,30.069999999999997,47,0.0,0.0
15.0,15.0,0.0,0.0,7.0,1483.2307692307693,1330.3846153846155,29.47000000000001,47,0.0,0.0
11.0,12.0,0.0,0.0,9.0,578.5384615384615,237.30769230769232,33.25,50,0.0,0.0
12.0,13.0,0.0,0.0,8.5,1089.923076923077,906.3076923076923,29.88999999999999,62,0.0,0.0
12.0,13.0,0.0,0.0,8.5,1018.0,831.7692307692307,29.430000000000003,62,0.0,0.0
12.0,13.0,0.0,0.0,8.5,1138.7692307692307,986.6153846153846,27.069999999999997,80,0.0,0.0
13.0,13.0,0.0,0.0,8.0,1204.6153846153845,441.0,33.90999999999998,56,0.0,0.0
15.0,15.0,0.0,0.0,7.0,2235.3846153846152,1792.3846153846155,32.69,53,0.0,0.0
12.0,13.0,0.0,0.0,8.0,1029.0,336.46153846153845,32.74,78,0.22000000000000006,0.0
14.0,14.0,0.0,0.0,7.5,2007.3076923076924,1178.0,32.64999999999999,78,0.5099999999999999,0.0
15.0,15.0,0.0,0.0,7.0,2060.6923076923076,1862.7692307692307,31.180000000000003,62,0.0,0.0
15.0,15.0,0.0,0.0,7.0,1654.0,1374.3076923076924,30.02999999999999,76,0.0,0.0
15.0,15.0,0.0,0.0,7.0,2092.3846153846152,1921.2307692307693,28.37,78,0.0,0.0
12.0,12.0,0.0,0.0,8.5,1054.3076923076924,682.4615384615385,34.81,42,0.0,0.0
12.0,12.0,0.0,0.0,8.5,1252.2307692307693,1085.2307692307693,33.699999999999996,49,0.0,0.0
12.0,13.0,0.0,0.0,8.5,1319.923076923077,1059.923076923077,30.569999999999997,65,0.0,0.0
12.0,12.0,0.0,0.0,8.5,1221.4615384615386,1340.5384615384614,27.829999999999988,78,0.0,0.0
7.0,7.0,0.0,0.0,8.0,1083.2307692307693,354.53846153846155,34.69,45,0.0,0.0
16.0,16.0,0.0,0.0,6.5,1872.3846153846155,1545.6923076923076,34.65999999999998,45,0.0,0.0
16.0,16.0,0.0,0.0,7.0,1511.2307692307693,1316.3846153846155,32.85000000000001,43,0.0,0.0
15.0,15.0,0.0,0.0,7.0,1350.6153846153845,1413.3846153846155,27.69,63,0.0,0.0
7.0,7.0,0.0,0.0,8.0,904.5384615384615,320.38461538461536,35.24,30,0.0,0.0
12.0,13.0,0.0,0.0,8.5,1297.923076923077,1066.4615384615386,33.02999999999999,38,0.0,0.0
12.0,12.0,0.0,0.0,8.5,1285.5384615384614,1142.3846153846155,29.11000000000001,53,0.0,0.0
12.0,13.0,0.0,0.0,8.5,1142.4615384615386,1071.3076923076924,26.87,64,0.0,0.0
13.0,13.0,0.0,0.0,8.5,853.6923076923077,715.7692307692307,31.199999999999992,56,0.0,0.0
13.0,13.0,0.0,0.0,8.5,925.4615384615385,810.9230769230769,29.52999999999999,61,0.0,0.0
13.0,13.0,0.0,0.0,8.5,897.0769230769231,618.6153846153846,28.319999999999997,56,0.0,0.0
11.0,11.0,0.0,0.0,8.0,1091.4615384615386,414.46153846153845,33.14999999999999,52,0.0,0.0
15.0,15.0,0.0,0.0,7.0,1896.5384615384614,1149.5384615384614,33.35000000000001,52,0.0,0.0
15.0,15.0,0.0,0.0,7.0,1270.0,1355.3846153846155,26.86000000000001,69,0.0,0.0
13.0,13.0,0.0,0.0,7.0,1003.5384615384615,352.2307692307692,34.14999999999999,33,0.0,0.0
14.0,15.0,0.0,0.0,7.5,2224.3846153846152,1756.6153846153845,34.63,33,0.0,0.0
15.0,16.0,0.0,0.0,7.0,1617.6923076923076,1286.6153846153845,30.02999999999999,63,0.0,0.0
15.0,16.0,0.0,0.0,7.0,1509.076923076923,1332.3846153846155,28.819999999999997,66,0.0,0.0
15.0,15.0,0.0,0.0,7.0,1888.5384615384614,1974.6153846153845,27.660000000000007,70,0.0,0.0
12.0,13.0,0.0,0.0,8.5,809.3076923076923,662.7692307692307,34.290000000000006,44,0.0,0.0
12.0,13.0,0.0,0.0,8.5,949.0769230769231,742.0,32.57999999999999,47,0.0,0.0
12.0,13.0,0.0,0.0,8.5,1035.6153846153845,815.9230769230769,31.199999999999992,67,0.0,0.0
12.0,13.0,0.0,0.0,8.5,1040.4615384615386,914.6153846153846,30.199999999999992,66,0.0,0.0
15.0,15.0,0.0,0.0,7.0,1951.8461538461538,1150.6153846153845,34.15999999999998,52,0.0,0.0
15.0,15.0,0.0,0.0,7.0,1399.7692307692307,1259.076923076923,29.759999999999994,74,0.14000000000000007,0.0
11.0,11.0,0.0,0.0,8.0,928.9230769230769,328.3076923076923,33.730000000000004,45,0.0,0.0
14.0,14.0,0.0,0.0,7.5,1960.5384615384614,1066.6923076923076,33.67000000000001,45,0.0,0.0
15.0,15.0,0.0,0.0,7.0,1524.1538461538462,1306.2307692307693,30.0,67,0.0,0.0
15.0,15.0,0.0,0.0,7.0,1642.0,1360.5384615384614,30.199999999999992,67,0.0,0.0
15.0,15.0,0.0,0.0,7.0,1393.6153846153845,737.6923076923077,29.19,71,0.0,0.0
12.0,12.0,0.0,0.0,8.5,939.6923076923077,650.3846153846154,32.43,51,0.0,0.0
12.0,12.0,0.0,0.0,8.5,1107.7692307692307,959.8461538461538,30.88,54,0.0,0.0
12.0,13.0,0.0,0.0,8.5,1405.8461538461538,1298.6153846153845,28.100000000000005,73,0.0,0.0
10.0,11.0,0.0,0.0,8.5,273.7692307692308,111.0,32.63999999999999,51,0.0,0.0
12.0,13.0,0.0,0.0,8.5,843.6153846153846,721.4615384615385,30.259999999999994,60,0.0,0.0
12.0,13.0,0.0,0.0,8.5,927.5384615384615,748.0,29.38,74,0.0,0.0
12.0,13.0,0.0,0.0,8.5,919.9230769230769,767.0,29.11000000000001,74,0.0,0.0
12.0,13.0,0.0,0.0,8.5,983.2307692307693,856.0,28.5,75,0.0,0.0
12.0,13.0,0.0,0.0,8.5,872.0769230769231,802.7692307692307,28.399999999999995,75,0.0,0.0
13.0,14.0,0.0,0.0,7.0,1095.2307692307693,431.6923076923077,29.420000000000012,75,0.37000000000000005,0.0
15.0,15.0,0.0,0.0,7.0,1947.2307692307693,1129.3846153846155,29.410000000000007,75,0.5,0.0
15.0,16.0,0.0,0.0,7.0,1587.8461538461538,1451.2307692307693,28.259999999999994,77,0.25,0.0
15.0,16.0,0.0,0.0,7.0,1070.923076923077,826.0,27.87,79,0.0,0.0
15.0,15.0,0.0,0.0,7.0,2170.230769230769,1722.6923076923076,28.540000000000003,73,0.0,0.0
15.0,15.0,0.0,0.0,7.0,1787.6153846153845,1620.7692307692307,28.75,77,0.0,0.0
15.0,15.0,0.0,0.0,7.0,1516.0,1344.6153846153845,28.399999999999995,77,0.0,0.0
15.0,15.0,0.0,0.0,7.0,1502.2307692307693,1261.3076923076924,28.160000000000007,80,0.0,0.0
15.0,15.0,0.0,0.0,7.0,1512.0,1304.1538461538462,28.19,80,0.0,0.0
14.0,14.0,0.0,0.0,7.5,2081.3076923076924,1772.3076923076924,31.069999999999997,62,0.0,0.0
14.0,15.0,0.0,0.0,7.0,2164.076923076923,1647.076923076923,32.38999999999999,56,0.0,0.0
15.0,15.0,0.0,0.0,7.0,1487.3076923076924,1308.8461538461538,29.670000000000012,69,0.0,0.0
15.0,15.0,0.0,0.0,7.0,1490.923076923077,1174.3846153846155,29.13999999999999,77,0.5199999999999998,0.0
15.0,15.0,0.0,0.0,7.0,1467.0,1362.0,29.050000000000008,77,0.78,0.0
15.0,15.0,0.0,0.0,7.0,1651.0,1956.6153846153845,26.279999999999998,91,1.07,0.0
13.0,13.0,0.0,0.0,8.0,1714.8461538461538,1043.5384615384614,32.38,57,0.0,0.0
14.0,14.0,0.0,0.0,7.5,2136.6153846153848,1599.923076923077,32.17000000000001,57,0.0,0.0
15.0,15.0,0.0,0.0,7.0,1638.3846153846155,1377.6923076923076,28.649999999999995,80,0.0,0.0
15.0,15.0,0.0,0.0,7.0,1536.4615384615386,1352.6923076923076,28.740000000000006,80,0.0,0.0
15.0,15.0,0.0,0.0,7.0,2081.6923076923076,1807.6153846153845,27.410000000000007,79,0.0,0.0
12.0,12.0,0.0,0.0,8.5,1258.5384615384614,1124.3846153846155,29.709999999999997,74,0.0,0.0
12.0,12.0,0.0,0.0,8.5,1136.2307692307693,946.0,28.519999999999996,74,0.0,0.0
12.0,12.0,0.0,0.0,8.5,1441.076923076923,1086.3076923076924,28.430000000000003,72,0.0,0.0
10.0,11.0,0.0,0.0,9.0,269.0,116.92307692307692,30.63,58,0.0,0.0
12.0,12.0,0.0,0.0,8.5,457.9230769230769,325.15384615384613,32.38,58,0.0,0.0
12.0,12.0,0.0,0.0,8.5,833.6153846153846,638.0,29.480000000000004,83,0.0,0.0
12.0,12.0,0.0,0.0,8.5,891.8461538461538,759.0,28.740000000000006,77,0.0,0.0
12.0,12.0,0.0,0.0,8.5,789.3076923076923,678.6153846153846,28.220000000000002,82,0.0,0.0
12.0,13.0,0.0,0.0,8.5,777.0769230769231,717.8461538461538,27.779999999999998,84,0.0,0.0
12.0,12.0,0.0,0.0,8.5,648.6153846153846,594.3846153846154,26.98,88,0.0,0.0
12.0,12.0,0.0,0.0,8.5,410.15384615384613,324.3076923076923,34.64999999999999,43,0.0,0.0
12.0,12.0,0.0,0.0,8.5,872.2307692307693,588.3076923076923,31.009999999999994,61,0.0,0.0
12.0,12.0,0.0,0.0,8.5,875.7692307692307,711.5384615384615,27.680000000000003,82,0.0,0.0
14.0,14.0,0.0,0.0,7.5,1972.2307692307693,1240.076923076923,35.269999999999996,44,0.0,0.0
15.0,15.0,0.0,0.0,7.0,1905.6923076923076,1710.1538461538462,33.40999999999998,58,0.0,0.0
14.0,14.0,0.0,0.0,7.5,1469.0,1319.0,30.850000000000005,63,0.0,0.0
15.0,15.0,0.0,0.0,7.0,2150.3076923076924,1592.6153846153845,34.68,50,0.0,0.0
14.0,14.0,0.0,0.0,7.5,1564.8461538461538,1300.8461538461538,27.199999999999992,82,0.0,0.0
14.0,14.0,0.0,0.0,7.5,1652.8461538461538,1327.4615384615386,28.62,82,0.0,0.0
11.0,11.0,0.0,0.0,8.0,969.3076923076923,330.2307692307692,35.56,45,0.0,0.0
15.0,15.0,0.0,0.0,7.0,1532.2307692307693,1360.2307692307693,31.19,75,0.0,0.0
15.0,15.0,0.0,0.0,7.0,1558.076923076923,1259.6923076923076,30.209999999999997,75,0.0,0.0
15.0,15.0,0.0,0.0,7.0,1993.923076923077,1672.6923076923076,29.009999999999994,79,0.0,0.0
7.0,7.0,0.0,0.0,8.0,897.2307692307693,332.0769230769231,30.930000000000003,75,0.0,0.0
14.0,14.0,0.0,0.0,7.5,1635.3846153846155,1470.076923076923,30.230000000000004,71,0.0,0.0
11.0,11.0,0.0,0.0,9.0,1264.4615384615386,940.6153846153846,33.300000000000004,63,0.0,0.0
11.0,11.0,0.0,0.0,8.5,299.84615384615387,114.38461538461539,34.13999999999999,56,0.0,0.0
12.0,12.0,0.0,0.0,8.5,471.0769230769231,345.6923076923077,34.02999999999999,60,0.0,0.0
12.0,12.0,0.0,0.0,8.5,611.3846153846154,467.6923076923077,33.27999999999999,67,0.0,0.0
12.0,13.0,0.0,0.0,8.5,905.3846153846154,722.0,30.800000000000008,75,0.0,0.0
12.0,13.0,0.0,0.0,8.5,952.0,769.3076923076923,30.420000000000012,75,0.0,0.0
12.0,12.0,0.0,0.0,8.5,901.8461538461538,770.6153846153846,30.25,75,0.0,0.0
12.0,12.0,0.0,0.0,8.5,1022.3846153846154,914.3846153846154,28.910000000000007,84,0.0,0.0
12.0,13.0,0.0,0.0,8.5,921.0,854.2307692307693,28.430000000000003,79,0.0,0.0
10.0,12.0,0.0,0.0,7.0,1048.1538461538462,367.0769230769231,33.68,59,0.0,0.0
15.0,15.0,0.0,0.0,7.0,1909.6923076923076,1169.2307692307693,33.64999999999999,59,0.0,0.0
14.0,14.0,0.0,0.0,7.5,1652.8461538461538,1353.0,29.36000000000001,85,0.0,0.2
14.0,14.0,0.0,0.0,7.5,1925.3076923076924,1694.6923076923076,28.829999999999988,88,0.0,0.0
15.0,15.0,0.0,0.0,7.0,1572.7692307692307,1659.7692307692307,28.86000000000001,88,0.0,0.0
15.0,15.0,0.0,0.0,7.0,1320.3846153846155,1538.5384615384614,28.290000000000003,79,0.0,0.0
14.0,14.0,0.0,0.0,7.5,1510.2307692307693,1271.3846153846155,28.579999999999988,93,0.59,0.0
14.0,14.0,0.0,0.0,7.5,1988.1538461538462,1782.1538461538462,26.88,98,0.0,0.0
15.0,15.0,0.0,0.0,7.0,1864.8461538461538,1710.3076923076924,26.62,98,0.0,0.0
10.0,11.0,0.0,0.0,9.0,1929.4615384615386,1077.7692307692307,33.290000000000006,62,0.0,0.0
14.0,14.0,0.0,0.0,7.5,1500.7692307692307,1390.3846153846155,28.31,73,20.82999999999999,0.0
15.0,15.0,0.0,0.0,7.0,1405.6923076923076,1248.3076923076924,27.579999999999988,87,0.0,0.0
15.0,15.0,0.0,0.0,7.0,2049.846153846154,1928.7692307692307,27.069999999999997,92,0.0,0.0
10.0,11.0,0.0,0.0,9.0,1798.1538461538462,1022.0769230769231,32.81,58,0.1,0.0
14.0,14.0,0.0,0.0,7.5,1362.923076923077,1153.5384615384614,29.759999999999994,76,0.0,0.0
15.0,15.0,0.0,0.0,7.0,1680.923076923077,1475.3846153846155,28.63,77,0.0,0.0
13.0,13.0,0.0,0.0,8.0,1865.3846153846155,1078.1538461538462,31.37,69,0.18,0.0
15.0,15.0,0.0,0.0,7.0,1517.6923076923076,1266.7692307692307,29.170000000000012,87,1.59,0.0
14.0,14.0,0.0,0.0,7.5,1633.6923076923076,1329.3846153846155,28.680000000000003,87,0.25,0.0
15.0,15.0,0.0,0.0,7.0,1387.5384615384614,1660.2307692307693,27.100000000000005,91,0.0,0.0
12.0,12.0,0.0,0.0,8.5,1254.7692307692307,1014.1538461538462,29.199999999999992,68,0.0,0.0
12.0,13.0,0.0,0.0,8.5,1454.076923076923,1130.923076923077,28.88,68,0.0,0.0
12.0,13.0,0.0,0.0,8.5,1362.6923076923076,1271.3076923076924,28.88999999999999,68,0.0,0.0
12.0,13.0,0.0,0.0,8.5,800.2307692307693,552.4615384615385,27.430000000000003,82,5.079999999999999,10.0
12.0,13.0,0.0,0.0,8.5,905.4615384615385,725.1538461538462,26.600000000000005,82,10.669999999999998,10.0
12.0,13.0,0.0,0.0,8.5,956.3846153846154,795.0,25.57999999999999,89,3.05,0.0
12.0,12.0,0.0,0.0,8.5,941.4615384615385,862.7692307692307,25.959999999999997,94,0.0,0.5
12.0,12.0,0.0,0.0,8.5,1017.4615384615385,861.0,25.959999999999997,94,0.0,0.5
12.0,12.0,0.0,0.0,8.5,887.3076923076923,759.2307692307693,25.410000000000004,93,0.0,0.0
13.0,13.0,0.0,0.0,7.5,1842.0,1156.923076923077,29.949999999999992,52,0.0,0.0
14.0,14.0,0.0,0.0,7.5,1773.5384615384614,1561.3846153846155,28.100000000000005,67,0.0,0.29999999999999993
13.0,13.0,0.0,0.0,8.0,1920.6153846153845,1104.923076923077,34.540000000000006,46,0.0,0.0
14.0,14.0,0.0,0.0,7.5,1558.6153846153845,1430.3076923076924,31.290000000000003,61,0.0,0.0
14.0,14.0,0.0,0.0,7.5,2070.769230769231,1739.3846153846155,27.75,82,0.0,0.0
13.0,13.0,0.0,0.0,8.0,2019.8461538461538,1552.6923076923076,33.90999999999998,53,0.0,0.0
13.0,13.0,0.0,0.0,8.0,1461.3846153846155,1451.6153846153845,28.339999999999993,87,0.0,2.0
14.0,14.0,0.0,0.0,7.5,1561.3846153846155,1332.3076923076924,28.410000000000007,86,0.0,0.0
10.0,11.0,0.0,0.0,8.0,984.5384615384615,346.38461538461536,34.01,55,0.0,0.0
14.0,14.0,0.0,0.0,7.5,1877.4615384615386,1154.6153846153845,34.449999999999996,55,0.15999999999999998,0.0
15.0,15.0,0.0,0.0,7.0,2079.5384615384614,1597.4615384615386,34.019999999999996,55,0.0,0.0
14.0,14.0,0.0,0.0,7.5,1582.1538461538462,1388.3076923076924,31.5,69,0.0,0.0
15.0,16.0,0.0,0.0,7.0,710.9230769230769,1075.5384615384614,27.670000000000012,90,0.0,0.0
15.0,15.0,0.0,0.0,7.0,951.6153846153846,342.0769230769231,33.82,54,0.0,0.0
14.0,14.0,0.0,0.0,7.5,1575.7692307692307,1372.923076923077,31.180000000000003,63,0.0,0.0
15.0,15.0,0.0,0.0,7.0,1682.1538461538462,1355.6153846153845,30.75,63,0.0,0.0
15.0,15.0,0.0,0.0,7.0,1928.1538461538462,1676.1538461538462,29.740000000000006,72,0.0,0.0
15.0,15.0,0.0,0.0,7.0,2073.4615384615386,2077.4615384615386,28.740000000000006,79,0.0,0.0
12.0,13.0,0.0,0.0,8.5,1281.6923076923076,1030.3846153846155,34.040000000000006,47,0.0,0.0
12.0,13.0,0.0,0.0,8.5,1221.1538461538462,1057.8461538461538,32.97000000000001,47,0.0,0.0
12.0,13.0,0.0,0.0,8.5,1337.7692307692307,1039.076923076923,31.509999999999994,57,0.0,0.0
12.0,13.0,0.0,0.0,8.5,603.1538461538462,451.3076923076923,35.07999999999999,45,0.0,0.0
12.0,13.0,0.0,0.0,8.5,893.6153846153846,730.7692307692307,34.5,44,0.0,0.0
12.0,13.0,0.0,0.0,8.5,904.7692307692307,732.8461538461538,34.02999999999999,44,0.0,0.0
12.0,13.0,0.0,0.0,8.5,977.3076923076923,849.2307692307693,31.63999999999999,54,0.0,0.0
14.0,14.0,0.0,0.0,7.5,1464.2307692307693,1269.3846153846155,29.829999999999988,77,0.0,0.0
15.0,15.0,0.0,0.0,7.0,1974.7692307692307,1898.0,28.589999999999993,90,0.0,0.0
14.0,14.0,0.0,0.0,7.5,1950.6923076923076,1609.076923076923,29.13,74,0.0,0.0
12.0,12.0,0.0,0.0,8.5,804.7692307692307,588.5384615384615,32.60000000000001,79,5.840000000000002,0.0
12.0,13.0,0.0,0.0,8.5,982.5384615384615,761.8461538461538,31.459999999999997,78,0.0,0.0
12.0,13.0,0.0,0.0,8.5,1028.923076923077,840.9230769230769,31.329999999999988,78,0.0,0.0
12.0,13.0,0.0,0.0,8.5,1034.8461538461538,820.0,29.899999999999995,79,0.0,0.0
14.0,14.0,0.0,0.0,7.5,1967.4615384615386,1237.0,34.64999999999999,41,0.0,0.0
15.0,15.0,0.0,0.0,7.0,1695.2307692307693,1415.3076923076924,29.699999999999992,69,0.0,0.0
15.0,15.0,0.0,0.0,7.0,1840.2307692307693,1126.5384615384614,34.72000000000001,47,0.0,0.0
15.0,15.0,0.0,0.0,7.0,1539.5384615384614,1381.1538461538462,33.10000000000001,48,0.0,0.0
14.0,14.0,0.0,0.0,7.5,1686.6923076923076,1725.8461538461538,28.980000000000004,70,0.0,0.0
15.0,15.0,0.0,0.0,7.0,1852.2307692307693,1660.0,28.69,70,0.0,0.0
15.0,15.0,0.0,0.0,7.0,1466.8461538461538,1830.6153846153845,28.220000000000002,78,0.0,0.0
12.0,13.0,0.0,0.0,8.5,1276.0,1022.0769230769231,33.540000000000006,64,0.0,0.0
12.0,13.0,0.0,0.0,8.5,1105.0,955.6153846153846,32.36000000000001,64,0.0,0.0
11.0,11.0,0.0,0.0,8.5,565.4615384615385,446.9230769230769,34.40999999999998,40,0.0,0.0
12.0,12.0,0.0,0.0,8.5,845.0,683.7692307692307,31.72000000000001,55,0.0,0.0
12.0,13.0,0.0,0.0,8.5,902.5384615384615,736.0,30.050000000000008,74,0.24000000000000007,0.0
12.0,13.0,0.0,0.0,8.5,888.7692307692307,738.1538461538462,29.290000000000003,74,0.4,0.0
13.0,13.0,0.0,0.0,8.0,2064.0,1457.3846153846155,29.019999999999996,79,1.0,0.0
15.0,15.0,0.0,0.0,7.0,1470.076923076923,1332.3076923076924,28.660000000000007,89,0.5,0.0
11.0,11.0,0.0,0.0,7.0,1800.923076923077,953.0769230769231,33.17000000000001,57,0.0,0.0
13.0,13.0,0.0,0.0,8.0,1967.1538461538462,1477.2307692307693,32.980000000000004,57,0.0,0.0
14.0,14.0,0.0,0.0,7.5,1861.3846153846155,1748.6153846153845,31.87,73,0.0,0.0
15.0,15.0,0.0,0.0,7.0,2071.3846153846152,1967.7692307692307,27.86000000000001,78,0.0,0.0
8.0,8.0,0.0,0.0,7.0,459.15384615384613,187.3846153846154,33.230000000000004,52,0.0,0.0
12.0,12.0,0.0,0.0,8.5,1000.0,788.7692307692307,31.170000000000012,60,0.0,0.0
12.0,12.0,0.0,0.0,8.5,1071.8461538461538,886.6923076923077,30.040000000000003,69,0.0,0.0
12.0,12.0,0.0,0.0,8.5,999.3846153846154,872.6923076923077,29.920000000000012,69,0.0,0.0
14.0,14.0,0.0,0.0,7.0,2190.230769230769,1702.1538461538462,32.230000000000004,57,0.0,0.0
14.0,14.0,0.0,0.0,7.5,1646.4615384615386,1746.0,26.949999999999992,81,0.0,0.0
15.0,15.0,0.0,0.0,7.5,1323.3076923076924,1483.0,27.430000000000003,88,0.0,5.799999999999998
14.0,14.0,0.0,0.0,7.5,2120.3846153846152,1527.6153846153845,32.550000000000004,65,0.0,0.0
13.0,13.0,0.0,0.0,8.0,1479.076923076923,1408.5384615384614,27.5,89,0.0,3.149999999999999
14.0,14.0,0.0,0.0,7.5,1876.3846153846155,1771.923076923077,27.0,85,0.5099999999999999,0.0
15.0,15.0,0.0,0.0,7.0,1524.0,1652.6923076923076,26.87,92,0.0,0.9000000000000002
12.0,12.0,0.0,0.0,8.5,1239.5384615384614,980.1538461538462,27.470000000000002,84,0.0,0.0
12.0,12.0,0.0,0.0,8.5,1321.1538461538462,1184.6153846153845,27.420000000000012,84,0.0,0.0
10.0,12.0,0.0,0.0,8.5,425.0,288.6923076923077,32.68,59,0.0,0.0
12.0,12.0,0.0,0.0,8.5,919.1538461538462,771.0769230769231,29.699999999999992,72,0.0,0.0
12.0,13.0,0.0,0.0,8.5,930.2307692307693,769.1538461538462,29.63,72,0.0,0.0
12.0,13.0,0.0,0.0,8.5,869.8461538461538,767.0,29.569999999999997,72,0.0,0.0
15.0,15.0,0.0,0.0,7.0,1506.5384615384614,1301.8461538461538,31.800000000000008,63,0.0,0.0
15.0,15.0,0.0,0.0,7.0,1652.4615384615386,1865.6923076923076,28.25,84,0.0,0.0
13.0,13.0,0.0,0.0,8.0,1458.4615384615386,1285.6153846153845,30.819999999999997,65,0.0,0.0
14.0,14.0,0.0,0.0,7.5,1542.076923076923,1667.4615384615386,28.69,73,0.0,0.0
14.0,14.0,0.0,0.0,7.5,1459.6153846153845,1620.8461538461538,28.11000000000001,85,0.0,0.0
15.0,15.0,0.0,0.0,7.0,1932.5384615384614,1749.6923076923076,28.790000000000003,77,0.0,0.0
15.0,15.0,0.0,0.0,7.0,1378.6923076923076,1476.076923076923,28.13,82,0.0,0.0
13.0,13.0,0.0,0.0,8.0,1470.0,1633.6153846153845,32.36000000000001,64,0.0,3.0
13.0,13.0,0.0,0.0,8.0,1569.6923076923076,1193.4615384615386,30.209999999999997,64,1.0199999999999998,3.0
13.0,13.0,0.0,0.0,8.0,1382.6923076923076,1306.7692307692307,27.990000000000006,88,0.0,0.0
14.0,14.0,0.0,0.0,7.5,1494.6923076923076,1302.8461538461538,31.19,78,0.0,4.0
14.0,14.0,0.0,0.0,7.5,2025.923076923077,1914.4615384615386,28.490000000000006,88,0.0,0.0
15.0,15.0,0.0,0.0,7.0,1479.6923076923076,1791.1538461538462,28.220000000000002,89,0.0,0.0
11.0,11.0,0.0,0.0,9.0,1177.6153846153845,853.5384615384615,34.290000000000006,53,0.0,0.0
12.0,12.0,0.0,0.0,8.5,1142.4615384615386,1052.3846153846155,30.980000000000004,70,0.0,0.5
12.0,12.0,0.0,0.0,8.5,1354.076923076923,1116.8461538461538,28.61000000000001,80,0.3399999999999999,0.0
12.0,12.0,0.0,0.0,8.5,875.7692307692307,952.1538461538462,27.490000000000006,89,0.0,0.0
12.0,12.0,0.0,0.0,8.5,910.2307692307693,757.6153846153846,30.160000000000007,71,0.0,0.0
13.0,13.0,0.0,0.0,8.5,958.6153846153846,802.3076923076923,26.670000000000012,95,0.0,59.0
10.0,11.0,0.0,0.0,9.0,1801.076923076923,1011.2307692307693,31.790000000000003,67,0.0,0.0
12.0,13.0,0.0,0.0,8.5,1769.6153846153845,1421.923076923077,31.850000000000005,67,0.0,0.0
14.0,14.0,0.0,0.0,7.5,1934.6923076923076,1691.076923076923,31.269999999999996,66,0.0,0.0
13.0,13.0,0.0,0.0,7.5,1533.6153846153845,1233.0,29.62,77,0.0,0.0
15.0,15.0,0.0,0.0,7.0,1577.5384615384614,1256.7692307692307,28.800000000000008,77,0.0,0.0
7.0,9.0,0.0,0.0,8.5,935.6923076923077,265.53846153846155,32.550000000000004,58,0.0,0.0
15.0,15.0,0.0,0.0,7.0,1495.1538461538462,1314.3076923076924,27.100000000000005,92,0.0,0.0
15.0,15.0,0.0,0.0,7.0,1507.7692307692307,1297.076923076923,26.339999999999993,92,0.0,0.0
14.0,14.0,0.0,0.0,7.0,1631.3076923076924,1204.1538461538462,26.920000000000012,90,0.0,1.0
14.0,14.0,0.0,0.0,7.5,1821.6153846153845,1050.5384615384614,31.589999999999993,68,0.0,0.0
14.0,14.0,0.0,0.0,7.5,1677.6923076923076,1543.6153846153845,28.009999999999994,76,0.0,0.0
14.0,14.0,0.0,0.0,7.5,1464.923076923077,1246.923076923077,27.5,82,0.2599999999999999,0.0
14.0,14.0,0.0,0.0,7.5,1532.7692307692307,1317.3076923076924,27.420000000000012,82,0.25,0.0
15.0,15.0,0.0,0.0,7.0,1964.0,1697.0,26.509999999999994,93,0.0,0.0
15.0,15.0,0.0,0.0,7.0,1463.6923076923076,1309.1538461538462,26.660000000000007,81,0.0,0.0
14.0,14.0,0.0,0.0,7.5,1524.3076923076924,1241.3846153846155,26.62,81,0.0,0.0
11.0,12.0,0.0,0.0,8.0,1810.6153846153845,999.2307692307693,27.98,90,1.2699999999999998,0.0
14.0,14.0,0.0,0.0,7.5,1506.6923076923076,1558.6923076923076,28.029999999999998,93,0.25,0.75
15.0,16.0,0.0,0.0,7.0,2001.2307692307693,1933.7692307692307,25.930000000000003,93,0.0,0.0
11.0,11.0,0.0,0.0,9.0,1760.4615384615386,1523.0,26.699999999999992,88,0.0,3.0
12.0,12.0,0.0,0.0,8.5,1472.923076923077,1181.076923076923,26.19,89,0.7,0.0
12.0,12.0,0.0,0.0,8.5,1516.2307692307693,1550.6153846153845,25.98,89,0.67,0.0
12.0,12.0,0.0,0.0,8.5,1889.4615384615386,1597.2307692307693,26.11000000000001,92,0.0,0.0
12.0,12.0,0.0,0.0,8.5,1800.1538461538462,1922.4615384615386,26.319999999999997,88,0.0,0.0
12.0,12.0,0.0,0.0,8.5,424.15384615384613,275.0,30.94,70,0.0,0.0
12.0,13.0,0.0,0.0,8.5,1009.6923076923077,881.6923076923077,26.910000000000007,86,0.0,1.6999999999999995
12.0,13.0,0.0,0.0,8.5,1039.4615384615386,912.6923076923077,26.569999999999997,92,0.25,0.0
12.0,12.0,0.0,0.0,8.5,969.3846153846154,874.1538461538462,26.25,92,0.5600000000000003,0.0
